adjuster_id,skill_business,skill_personal,will_travel,home_city,home_state,home_lat,home_lon,shift_capacity_days
45899542,0,1,True,Saint Paul,MN,44.9497487,-93.0931028,1.0
41040719,0,1,True,Overland Park,KS,38.9742502,-94.6851702,1.0
92150926,0,1,True,Maryland Heights,MO,38.7150511,-90.435999,1.0
44312033,0,3,True,Austin,TX,30.2711286,-97.7436995,1.0
35541067,0,1,True,Naperville,IL,41.7728699,-88.1479278,1.0
26898448,0,1,True,Saint Paul,MN,44.9497487,-93.0931028,1.0
95170993,0,2,True,Saint Paul,MN,44.9497487,-93.0931028,1.0
25807176,0,1,True,Overland Park,KS,38.9742502,-94.6851702,1.0
73124359,0,1,True,Omaha,NE,41.2587459,-95.9383758,1.0
76537144,0,2,True,Houston,TX,29.7589382,-95.3676974,1.0
75100794,0,1,True,Overland Park,KS,38.9742502,-94.6851702,1.0
64042219,3,3,True,Indianapolis,IN,39.7683331,-86.1583502,1.0
89172774,1,3,True,Exton,PA,40.0299755,-75.6290436,1.0
45488039,1,3,True,Hunt Valley,MD,39.4962709,-76.6542571,1.0
97697276,0,3,True,Chantilly,VA,38.885219,-77.4486772,1.0
34685362,1,3,True,Wyomissing,PA,40.329537,-75.9652117,1.0
30017739,0,2,True,Walnut Creek,CA,37.9020731,-122.0618702,1.0
83759331,1,3,True,Melville,LA,30.6929653,-91.744004,1.0
17756848,0,2,True,Austin,TX,30.2711286,-97.7436995,1.0
36499460,0,1,True,Salt Lake City,UT,40.7596198,-111.886797,1.0
12822897,0,1,True,Portland,OR,45.5202471,-122.674194,1.0
58463786,1,1,True,Phoenix,AZ,33.4484367,-112.074141,1.0
74145812,1,3,True,Philadelphia,PA,39.9527237,-75.1635262,1.0
67110545,1,3,True,Hunt Valley,MD,39.4962709,-76.6542571,1.0
13291327,1,3,True,San Diego,CA,32.7174202,-117.162772,1.0
73475111,0,2,True,Little Rock,AR,34.7465071,-92.2896267,1.0
61282745,0,2,True,Phoenix,AZ,33.4484367,-112.074141,1.0
17995646,0,2,True,Little Rock,AR,34.7465071,-92.2896267,1.0
36754354,1,3,True,Glendale,AZ,33.5386858,-112.185994,1.0
76882374,1,3,True,Marlton,NJ,39.9005585,-74.9338911,1.0
52900724,1,3,True,White Plains,NY,41.0339862,-73.7629097,1.0
36144326,0,2,True,Austin,TX,30.2711286,-97.7436995,1.0
51795914,1,2,True,Oklahoma City,OK,35.4729886,-97.5170536,1.0
59234276,0,2,True,Austin,TX,30.2711286,-97.7436995,1.0
72430057,0,3,True,Raleigh,NC,35.7803977,-78.6390989,1.0
68056990,0,3,True,Hartford,CT,41.764582,-72.6908547,1.0
26249582,1,3,True,Philadelphia,PA,39.9527237,-75.1635262,1.0
85893734,4,4,True,Centennial,CO,39.579155,-104.8769227,1.0
23354345,3,3,True,Centennial,CO,39.579155,-104.8769227,1.0
52472655,1,3,True,Hunt Valley,MD,39.4962709,-76.6542571,1.0
33460718,0,2,True,Overland Park,KS,38.9742502,-94.6851702,1.0
13919972,0,2,True,Maryland Heights,MO,38.7150511,-90.435999,1.0
50686141,0,2,True,Overland Park,KS,38.9742502,-94.6851702,1.0
48193247,1,1,True,Richmond,VA,37.5385087,-77.43428,1.0
80241609,3,3,True,Glendale,AZ,33.5386858,-112.185994,1.0
87478824,1,2,True,San Antonio,TX,29.4246002,-98.4951405,1.0
52527100,1,2,True,Austin,TX,30.2711286,-97.7436995,1.0
39377810,0,2,True,Austin,TX,30.2711286,-97.7436995,1.0
80214506,0,3,True,Chantilly,VA,38.885219,-77.4486772,1.0
55528593,1,2,True,Rancho Cordova,CA,38.5890723,-121.302728,1.0
80995603,0,2,True,West Des Moines,IA,41.5644476,-93.7594059,1.0
19851071,2,3,True,Richmond,VA,37.5385087,-77.43428,1.0
53633617,2,3,True,Richmond,VA,37.5385087,-77.43428,1.0
32563086,1,3,True,Edison,GA,31.5581741,-84.7381045,1.0
46820756,0,2,True,Phoenix,AZ,33.4484367,-112.074141,1.0
13613144,0,2,True,Phoenix,AZ,33.4484367,-112.074141,1.0
56553565,0,2,True,Phoenix,AZ,33.4484367,-112.074141,1.0
97732442,1,1,True,West Bridgewater,MA,42.0190922,-71.0079688,1.0
88178386,0,3,True,South Portland,ME,43.6382443,-70.2529189,1.0
52633927,1,3,True,Pittsburgh,PA,40.4406968,-80.0025666,1.0
63163734,0,2,True,Walnut Creek,CA,37.9020731,-122.0618702,1.0
16559402,0,3,True,Raleigh,NC,35.7803977,-78.6390989,1.0
99044234,0,2,True,Las Vegas,NV,36.1674263,-115.1484131,1.0
65441680,0,3,True,Chantilly,VA,38.885219,-77.4486772,1.0
12777663,0,2,True,Saint Paul,MN,44.9497487,-93.0931028,1.0
40393820,0,2,True,Las Vegas,NV,36.1674263,-115.1484131,1.0
57500632,1,3,True,New York,NY,40.7127281,-74.0060152,1.0
83489762,1,3,True,New York,NY,40.7127281,-74.0060152,1.0
67270475,0,3,True,Centennial,CO,39.579155,-104.8769227,1.0
36555833,0,3,True,Indianapolis,IN,39.7683331,-86.1583502,1.0
14343602,0,3,True,Naperville,IL,41.7728699,-88.1479278,1.0
93264573,1,3,True,Austin,TX,30.2711286,-97.7436995,1.0
99009880,1,3,False,Orange,CA,33.750631,-117.8722311,1.0
73706546,1,3,True,Diamond Bar,CA,34.0286226,-117.8103367,1.0
18768735,0,3,True,Chantilly,VA,38.885219,-77.4486772,1.0
54577283,0,3,True,Chantilly,VA,38.885219,-77.4486772,1.0
55604019,0,3,True,Chantilly,VA,38.885219,-77.4486772,1.0
78236485,0,2,True,Maryland Heights,MO,38.7150511,-90.435999,1.0
38041560,0,2,True,Fresno,CA,36.7394421,-119.78483,1.0
76387474,0,2,True,Maryland Heights,MO,38.7150511,-90.435999,1.0
50787000,1,2,True,Overland Park,KS,38.9742502,-94.6851702,1.0
12253904,1,3,True,Maryland Heights,MO,38.7150511,-90.435999,1.0
63350081,1,3,True,Blue Bell,PA,40.147809,-75.272781,1.0
26038140,1,3,True,Orange,CA,33.750631,-117.8722311,1.0
50146144,0,2,True,Richardson,TX,32.9481789,-96.7297206,1.0
88499296,0,3,True,Richmond,VA,37.5385087,-77.43428,1.0
67493721,0,2,True,Federal Way,WA,47.313494,-122.33931,1.0
45999943,0,2,True,Phoenix,AZ,33.4484367,-112.074141,1.0
85652856,0,3,True,Naperville,IL,41.7728699,-88.1479278,1.0
35765505,0,3,True,Chantilly,VA,38.885219,-77.4486772,1.0
42666259,3,3,True,San Diego,CA,32.7174202,-117.162772,1.0
57059901,0,3,True,Virtual,SC,34.1718723,-82.1564776,1.0
39441991,2,3,True,Naperville,IL,41.7728699,-88.1479278,1.0
63992202,0,2,True,Las Vegas,NV,36.1674263,-115.1484131,1.0
31812654,0,2,True,Fresno,CA,36.7394421,-119.78483,1.0
25027882,0,2,True,Saint Paul,MN,44.9497487,-93.0931028,1.0
37752176,0,2,True,Brookfield,WI,43.0615578,-88.1260678,1.0
14230570,0,2,True,Overland Park,KS,38.9742502,-94.6851702,1.0
24124185,0,3,True,West Des Moines,IA,41.5644476,-93.7594059,1.0
64978459,1,3,True,Edison,GA,31.5581741,-84.7381045,1.0
67242784,2,2,True,Boise,ID,43.6166163,-116.200886,1.0
94476647,1,3,True,Irvine,CA,33.6856969,-117.825981,1.0
36032353,1,3,True,West Bridgewater,MA,42.0190922,-71.0079688,1.0
76518510,0,3,True,Hudson,WI,44.9750953,-92.7554671,1.0
99707772,0,2,True,Spokane,WA,47.6571934,-117.42351,1.0
59349061,0,2,True,Maryland Heights,MO,38.7150511,-90.435999,1.0
29643423,0,2,True,Houston,TX,29.7589382,-95.3676974,1.0
58863024,3,3,True,Virtual,SC,34.1718723,-82.1564776,1.0
91053715,2,3,True,Virtual,ND,40.3101571,-75.1309013,1.0
79991846,3,3,True,Glendale,AZ,33.5386858,-112.185994,1.0
94472986,2,4,True,Overland Park,KS,38.9742502,-94.6851702,1.0
81708306,0,2,True,Las Vegas,NV,36.1674263,-115.1484131,1.0
25126681,1,3,True,Wyomissing,PA,40.329537,-75.9652117,1.0
92290974,0,3,True,Naperville,IL,41.7728699,-88.1479278,1.0
92253396,3,3,True,Troy,MI,42.6055893,-83.1499304,1.0
62429509,0,3,True,Naperville,IL,41.7728699,-88.1479278,1.0
57762782,3,3,True,Virtual,DE,39.6064257,-75.7126625,1.0
37711634,0,3,True,Durham,NC,35.996653,-78.9018053,1.0
23292186,1,3,True,Morristown,TN,36.2139814,-83.2948923,1.0
44138074,0,3,True,Virtual,SC,34.1718723,-82.1564776,1.0
34806218,0,3,True,Virtual,SC,34.1718723,-82.1564776,1.0
37772474,3,3,True,Troy,MI,42.6055893,-83.1499304,1.0
22709943,0,2,True,Omaha,NE,41.2587459,-95.9383758,1.0
31387287,0,3,True,Houston,TX,29.7589382,-95.3676974,1.0
91763247,1,3,True,Edison,GA,31.5581741,-84.7381045,1.0
25867807,0,2,True,Maryland Heights,MO,38.7150511,-90.435999,1.0
36337028,0,2,True,Las Vegas,NV,36.1674263,-115.1484131,1.0
12374236,2,3,True,Brookfield,WI,43.0615578,-88.1260678,1.0
99789289,3,3,True,Diamond Bar,CA,34.0286226,-117.8103367,1.0
22143269,2,4,True,Brookfield,WI,43.0615578,-88.1260678,1.0
90086018,2,3,True,Naperville,IL,41.7728699,-88.1479278,1.0
31023584,1,3,True,Naperville,IL,41.7728699,-88.1479278,1.0
68880297,0,2,True,Little Rock,AR,34.7465071,-92.2896267,1.0
51795851,0,3,True,Chantilly,VA,38.885219,-77.4486772,1.0
26083094,0,2,True,Overland Park,KS,38.9742502,-94.6851702,1.0
19528221,3,3,True,Glendale,AZ,33.5386858,-112.185994,1.0
89109590,1,3,True,San Diego,CA,32.7174202,-117.162772,1.0
87452053,0,2,True,Phoenix,AZ,33.4484367,-112.074141,1.0
36354630,0,2,True,Centennial,CO,39.579155,-104.8769227,1.0
75206030,0,2,True,Phoenix,AZ,33.4484367,-112.074141,1.0
91571022,0,2,True,Centennial,CO,39.579155,-104.8769227,1.0
62608676,2,3,True,Naperville,IL,41.7728699,-88.1479278,1.0
58501059,1,3,True,Naperville,IL,41.7728699,-88.1479278,1.0
95305279,0,2,True,Austin,TX,30.2711286,-97.7436995,1.0
39167323,0,2,True,Austin,TX,30.2711286,-97.7436995,1.0
21174128,0,3,True,Hartford,CT,41.764582,-72.6908547,1.0
78272027,2,4,True,Overland Park,KS,38.9742502,-94.6851702,1.0
92242535,1,2,True,Maryland Heights,MO,38.7150511,-90.435999,1.0
91729356,0,3,True,Little Rock,AR,34.7465071,-92.2896267,1.0
93937100,0,2,True,Houston,TX,29.7589382,-95.3676974,1.0
81935700,0,2,True,Phoenix,AZ,33.4484367,-112.074141,1.0
41733549,0,2,True,Phoenix,AZ,33.4484367,-112.074141,1.0
82035291,0,2,True,Albuquerque,NM,35.0841034,-106.650985,1.0
83334524,1,3,True,Phoenix,AZ,33.4484367,-112.074141,1.0
47126699,0,2,True,Phoenix,AZ,33.4484367,-112.074141,1.0
56681622,0,2,True,Centennial,CO,39.579155,-104.8769227,1.0
59743825,0,2,True,Portland,OR,45.5202471,-122.674194,1.0
66183397,0,2,True,Federal Way,WA,47.313494,-122.33931,1.0
21303389,0,2,True,Hartford,CT,41.764582,-72.6908547,1.0
23489312,0,2,True,Fresno,CA,36.7394421,-119.78483,1.0
36736849,0,2,True,Houston,TX,29.7589382,-95.3676974,1.0
29036599,0,3,True,Rosedale,MS,33.8551004,-91.0266112,1.0
65398923,1,3,True,Windsor,CA,38.5471327,-122.8163802,1.0
60189884,0,3,True,Virtual,SC,34.1718723,-82.1564776,1.0
45565738,0,2,True,Little Rock,AR,34.7465071,-92.2896267,1.0
80686149,0,2,True,Houston,TX,29.7589382,-95.3676974,1.0
23010932,0,2,True,Oklahoma City,OK,35.4729886,-97.5170536,1.0
96419100,3,3,True,Flowood,MS,32.3092861,-90.1386811,1.0
37132929,0,3,True,Bedford,TX,32.844017,-97.1430671,1.0
25467506,1,3,True,Wyomissing,PA,40.329537,-75.9652117,1.0
23550443,1,3,True,Overland Park,KS,38.9742502,-94.6851702,1.0
27229613,2,2,True,Diamond Bar,CA,34.0286226,-117.8103367,1.0
94723452,1,3,True,Edison,GA,31.5581741,-84.7381045,1.0
67951769,0,2,True,Saint Paul,MN,44.9497487,-93.0931028,1.0
70868404,0,2,True,Maryland Heights,MO,38.7150511,-90.435999,1.0
74034223,0,3,True,Chantilly,VA,38.885219,-77.4486772,1.0
51165957,0,3,True,Charlotte,NC,35.2272086,-80.8430827,1.0
27333764,0,2,True,Las Vegas,NV,36.1674263,-115.1484131,1.0
18441771,2,2,True,Walnut Creek,CA,37.9020731,-122.0618702,1.0
89356538,0,3,True,Indianapolis,IN,39.7683331,-86.1583502,1.0
32263233,0,2,True,Overland Park,KS,38.9742502,-94.6851702,1.0
23080959,1,2,True,Maryland Heights,MO,38.7150511,-90.435999,1.0
80557167,0,2,True,Maryland Heights,MO,38.7150511,-90.435999,1.0
43599269,0,2,True,Houston,TX,29.7589382,-95.3676974,1.0
52428575,0,2,True,Maryland Heights,MO,38.7150511,-90.435999,1.0
42158701,0,2,True,Maryland Heights,MO,38.7150511,-90.435999,1.0
23437623,1,3,True,Morristown,TN,36.2139814,-83.2948923,1.0
36311980,0,2,True,Omaha,NE,41.2587459,-95.9383758,1.0
24840153,0,2,True,Walnut Creek,CA,37.9020731,-122.0618702,1.0
71004022,1,3,True,Maryland Heights,MO,38.7150511,-90.435999,1.0
30471976,2,2,True,Salt Lake City,UT,40.7596198,-111.886797,1.0
68281309,0,2,True,Little Rock,AR,34.7465071,-92.2896267,1.0
50317203,0,2,True,San Antonio,TX,29.4246002,-98.4951405,1.0
98840876,0,2,True,Maryland Heights,MO,38.7150511,-90.435999,1.0
13366971,0,2,True,Albuquerque,NM,35.0841034,-106.650985,1.0
59519472,0,2,True,Centennial,CO,39.579155,-104.8769227,1.0
14249434,0,2,True,Centennial,CO,39.579155,-104.8769227,1.0
61098896,0,2,True,Centennial,CO,39.579155,-104.8769227,1.0
94608841,0,2,True,Centennial,CO,39.579155,-104.8769227,1.0
28281275,1,3,True,Syracuse,NY,43.0481221,-76.1474244,1.0
49914236,3,3,True,Virtual,SC,34.1718723,-82.1564776,1.0
66585273,2,3,True,Hartford,CT,41.764582,-72.6908547,1.0
95568826,1,3,True,Overland Park,KS,38.9742502,-94.6851702,1.0
26930816,1,1,True,Richardson,TX,32.9481789,-96.7297206,1.0
74703479,3,3,True,Knoxville,TN,35.9603948,-83.9210261,1.0
84017238,5,5,True,Rochester,NY,43.157285,-77.615214,1.0
48326765,1,3,True,Rochester,NY,43.157285,-77.615214,1.0
68180881,1,3,True,White Plains,NY,41.0339862,-73.7629097,1.0
59430808,2,4,True,Albany,NY,42.6511674,-73.754968,1.0
30721082,5,5,True,Richardson,TX,32.9481789,-96.7297206,1.0
49884508,3,3,True,Richardson,TX,32.9481789,-96.7297206,1.0
25632020,3,3,True,New York,NY,40.7127281,-74.0060152,1.0
68461759,1,3,True,Providence,RI,41.8239891,-71.4128343,1.0
52709157,0,2,True,Richardson,TX,32.9481789,-96.7297206,1.0
95911224,0,1,True,Orlando,FL,28.5421218,-81.379045,1.0
31104564,3,4,True,Alpharetta,GA,34.0755962,-84.2945964,1.0
73967237,1,1,True,Franklin,TN,35.925206,-86.8689419,1.0
10571349,1,3,False,Charlotte,NC,35.2272086,-80.8430827,1.0
63220428,1,1,True,Indianapolis,IN,39.7683331,-86.1583502,1.0
69379844,5,5,True,Chantilly,VA,38.885219,-77.4486772,1.0
22286102,5,5,True,Melville,LA,30.6929653,-91.744004,1.0
90334978,3,4,True,Franklin,TN,35.925206,-86.8689419,1.0
96146877,1,1,True,Richardson,TX,32.9481789,-96.7297206,1.0
66643743,3,5,True,Chantilly,VA,38.885219,-77.4486772,1.0
37113544,3,4,True,Overland Park,KS,38.9742502,-94.6851702,1.0
54636222,3,4,True,Orlando,FL,28.5421218,-81.379045,1.0
17638931,3,2,False,Albany,NY,42.6511674,-73.754968,1.0
17716919,1,3,True,Morristown,TN,36.2139814,-83.2948923,1.0
77028593,3,3,True,Chantilly,VA,38.885219,-77.4486772,1.0
27736764,2,3,True,Morristown,TN,36.2139814,-83.2948923,1.0
50212593,3,3,True,Melville,LA,30.6929653,-91.744004,1.0
68562084,5,5,False,Melville,LA,30.6929653,-91.744004,1.0
57398549,1,1,True,Indianapolis,IN,39.7683331,-86.1583502,1.0
96399702,4,4,True,Richmond,VA,37.5385087,-77.43428,1.0
63175059,5,5,True,Naperville,IL,41.7728699,-88.1479278,1.0
39267987,1,4,True,Tampa,FL,27.9449854,-82.4583107,1.0
24186729,5,5,True,Richmond,VA,37.5385087,-77.43428,1.0
95771836,5,5,True,Rochester,NY,43.157285,-77.615214,1.0
88856717,3,4,True,Charlotte,NC,35.2272086,-80.8430827,1.0
99766264,3,4,True,Maryland Heights,MO,38.7150511,-90.435999,1.0
63418508,5,5,True,Melville,LA,30.6929653,-91.744004,1.0
86737218,3,3,True,Richardson,TX,32.9481789,-96.7297206,1.0
33522459,4,4,True,Knoxville,TN,35.9603948,-83.9210261,1.0
44538039,5,5,True,Hamden,OH,39.1597938,-82.5268259,1.0
70853633,4,5,True,Saint Paul,MN,44.9497487,-93.0931028,1.0
28016712,3,3,True,Independence,MO,39.0924792,-94.4137923,1.0
26862623,5,5,True,Overland Park,KS,38.9742502,-94.6851702,1.0
80562084,3,3,True,Franklin,TN,35.925206,-86.8689419,1.0
94671385,3,4,True,Birmingham,AL,33.5206824,-86.8024326,1.0
17897712,4,4,True,Richmond,VA,37.5385087,-77.43428,1.0
49477688,1,3,True,Melville,LA,30.6929653,-91.744004,1.0
99432457,1,3,True,New York,NY,40.7127281,-74.0060152,1.0
36916937,5,5,True,New York,NY,40.7127281,-74.0060152,1.0
34551595,1,1,False,Buffalo,NY,42.8864163,-78.8781493,1.0
53820765,5,5,True,Buffalo,NY,42.8864163,-78.8781493,1.0
79478179,3,5,True,Indianapolis,IN,39.7683331,-86.1583502,1.0
27169887,1,1,True,Saint Paul,MN,44.9497487,-93.0931028,1.0
43572271,3,3,True,Franklin,TN,35.925206,-86.8689419,1.0
75230596,1,1,True,Richardson,TX,32.9481789,-96.7297206,1.0
33113383,4,4,True,Independence,MO,39.0924792,-94.4137923,1.0
23917573,1,3,True,Morristown,TN,36.2139814,-83.2948923,1.0
99474654,4,4,True,Richmond,VA,37.5385087,-77.43428,1.0
60997514,3,3,True,San Antonio,TX,29.4246002,-98.4951405,1.0
89538059,3,3,True,Virtual,SC,34.1718723,-82.1564776,1.0
48417943,5,5,True,Virtual,SC,34.1718723,-82.1564776,1.0
44773549,1,2,True,San Antonio,TX,29.4246002,-98.4951405,1.0
67282331,1,3,True,Brookfield,WI,43.0615578,-88.1260678,1.0
93750751,5,5,True,Chantilly,VA,38.885219,-77.4486772,1.0
10615629,3,3,True,Virtual,SC,34.1718723,-82.1564776,1.0
81400507,3,4,True,Maryland Heights,MO,38.7150511,-90.435999,1.0
50519688,5,5,True,Charlotte,NC,35.2272086,-80.8430827,1.0
14582357,3,3,True,Charlotte,NC,35.2272086,-80.8430827,1.0
11091566,5,5,True,Windsor,CA,38.5471327,-122.8163802,1.0
17621023,3,4,True,Alpharetta,GA,34.0755962,-84.2945964,1.0
95870867,5,5,True,Virtual,SC,34.1718723,-82.1564776,1.0
90086663,3,3,True,Blue Bell,PA,40.147809,-75.272781,1.0
95994572,0,3,True,Chantilly,VA,38.885219,-77.4486772,1.0
46137153,3,3,True,Memphis,TN,35.1460249,-90.0517638,1.0
20682406,4,4,True,Chantilly,VA,38.885219,-77.4486772,1.0
34930040,4,4,True,Rancho Cordova,CA,38.5890723,-121.302728,1.0
55188485,5,5,True,Washington,DC,38.8950982,-77.0363849,1.0
52851310,2,2,True,Rancho Cordova,CA,38.5890723,-121.302728,1.0
30456597,3,4,True,Memphis,TN,35.1460249,-90.0517638,1.0
41573166,0,3,True,Wyomissing,PA,40.329537,-75.9652117,1.0
58770856,3,3,True,Louisville,KY,38.2542376,-85.759407,1.0
54887810,3,4,True,Windsor,CA,38.5471327,-122.8163802,1.0
41000193,1,3,True,Morristown,TN,36.2139814,-83.2948923,1.0
11598800,1,3,True,Independence,MO,39.0924792,-94.4137923,1.0
30950740,2,3,True,Independence,MO,39.0924792,-94.4137923,1.0
63696577,1,1,True,Richardson,TX,32.9481789,-96.7297206,1.0
35600734,2,3,True,Louisville,KY,38.2542376,-85.759407,1.0
34174328,2,4,True,Alpharetta,GA,34.0755962,-84.2945964,1.0
94151997,1,3,True,Alpharetta,GA,34.0755962,-84.2945964,1.0
67915620,1,3,True,Morristown,TN,36.2139814,-83.2948923,1.0
21624812,1,3,True,Alpharetta,GA,34.0755962,-84.2945964,1.0
35183190,0,2,True,Houston,TX,29.7589382,-95.3676974,1.0
55786888,1,2,True,Overland Park,KS,38.9742502,-94.6851702,1.0
18550433,1,1,True,Naperville,IL,41.7728699,-88.1479278,1.0
91983029,0,3,True,Richmond,VA,37.5385087,-77.43428,1.0
74204642,1,1,True,Naperville,IL,41.7728699,-88.1479278,1.0
61039891,1,1,True,Brookfield,WI,43.0615578,-88.1260678,1.0
33519700,3,4,True,Flowood,MS,32.3092861,-90.1386811,1.0
88392723,1,3,True,Houston,TX,29.7589382,-95.3676974,1.0
45459060,4,4,True,Rancho Cordova,CA,38.5890723,-121.302728,1.0
18607212,2,2,True,Diamond Bar,CA,34.0286226,-117.8103367,1.0
77304158,1,1,True,Portland,OR,45.5202471,-122.674194,1.0
52047972,1,2,True,Virtual,SC,34.1718723,-82.1564776,1.0
30245881,0,1,True,Wyomissing,PA,40.329537,-75.9652117,1.0
21191952,1,3,True,Buffalo,NY,42.8864163,-78.8781493,1.0
46986893,4,4,True,Indianapolis,IN,39.7683331,-86.1583502,1.0
89382290,0,3,True,Virtual,SC,34.1718723,-82.1564776,1.0
12272594,2,3,True,Alpharetta,GA,34.0755962,-84.2945964,1.0
30290833,1,3,True,Brookfield,WI,43.0615578,-88.1260678,1.0
97120688,5,5,True,Naperville,IL,41.7728699,-88.1479278,1.0
11226387,0,3,True,Hartford,CT,41.764582,-72.6908547,1.0
93840690,0,3,True,Richmond,VA,37.5385087,-77.43428,1.0
67220759,1,1,True,Richmond,VA,37.5385087,-77.43428,1.0
77187182,2,3,True,Richardson,TX,32.9481789,-96.7297206,1.0
74913421,3,3,True,Virtual,SC,34.1718723,-82.1564776,1.0
82687551,3,4,True,Walnut Creek,CA,37.9020731,-122.0618702,1.0
20179277,0,3,True,Chantilly,VA,38.885219,-77.4486772,1.0
74571165,1,3,True,Alpharetta,GA,34.0755962,-84.2945964,1.0
55789879,1,1,True,Indianapolis,IN,39.7683331,-86.1583502,1.0
85470328,2,3,True,Richardson,TX,32.9481789,-96.7297206,1.0
99829609,1,3,True,New York,NY,40.7127281,-74.0060152,1.0
37468517,1,3,True,New York,NY,40.7127281,-74.0060152,1.0
28793553,0,3,True,Hartford,CT,41.764582,-72.6908547,1.0
38424593,1,3,True,Richardson,TX,32.9481789,-96.7297206,1.0
39322231,1,2,True,Overland Park,KS,38.9742502,-94.6851702,1.0
83212066,0,4,True,Virtual,SC,34.1718723,-82.1564776,1.0
22896008,0,3,True,Washington,DC,38.8950982,-77.0363849,1.0
28848705,1,1,True,Naperville,IL,41.7728699,-88.1479278,1.0
76384842,0,2,True,West Bridgewater,MA,42.0190922,-71.0079688,1.0
38978401,2,3,True,Saint Paul,MN,44.9497487,-93.0931028,1.0
50380556,0,3,True,Salt Lake City,UT,40.7596198,-111.886797,1.0
61662948,3,4,True,Maryland Heights,MO,38.7150511,-90.435999,1.0
73968848,4,4,True,Naperville,IL,41.7728699,-88.1479278,1.0
61005874,1,1,True,Naperville,IL,41.7728699,-88.1479278,1.0
84927195,1,3,True,Alpharetta,GA,34.0755962,-84.2945964,1.0
10134858,1,3,True,New York,NY,40.7127281,-74.0060152,1.0
33914483,4,4,True,Naperville,IL,41.7728699,-88.1479278,1.0
42937499,2,3,True,Birmingham,AL,33.5206824,-86.8024326,1.0
87856768,1,3,True,Morristown,TN,36.2139814,-83.2948923,1.0
74462531,1,3,True,Morristown,TN,36.2139814,-83.2948923,1.0
45573161,1,3,True,Alpharetta,GA,34.0755962,-84.2945964,1.0
32147516,2,2,True,Walnut Creek,CA,37.9020731,-122.0618702,1.0
73370890,2,3,True,Saint Paul,MN,44.9497487,-93.0931028,1.0
38847643,1,3,True,White Plains,NY,41.0339862,-73.7629097,1.0
67007034,2,3,True,Franklin,TN,35.925206,-86.8689419,1.0
85598668,4,4,True,Hunt Valley,MD,39.4962709,-76.6542571,1.0
30812935,0,3,True,Raleigh,NC,35.7803977,-78.6390989,1.0
40470409,1,3,True,Flowood,MS,32.3092861,-90.1386811,1.0
65319595,3,3,True,Indianapolis,IN,39.7683331,-86.1583502,1.0
15106158,1,3,True,Saint Paul,MN,44.9497487,-93.0931028,1.0
87427382,2,2,True,Walnut Creek,CA,37.9020731,-122.0618702,1.0
12272069,4,4,True,Naperville,IL,41.7728699,-88.1479278,1.0
68049515,3,3,True,Columbus,OH,39.9622601,-83.0007065,1.0
47021836,1,1,True,Naperville,IL,41.7728699,-88.1479278,1.0
60602293,0,3,True,Chantilly,VA,38.885219,-77.4486772,1.0
20350678,1,3,True,Alpharetta,GA,34.0755962,-84.2945964,1.0
76149834,0,3,True,Virtual,SC,34.1718723,-82.1564776,1.0
93687340,0,2,True,Las Vegas,NV,36.1674263,-115.1484131,1.0
48617218,1,3,True,Edison,GA,31.5581741,-84.7381045,1.0
30108904,0,2,True,Fresno,CA,36.7394421,-119.78483,1.0
13676947,1,2,True,Maryland Heights,MO,38.7150511,-90.435999,1.0
96210224,0,2,True,Las Vegas,NV,36.1674263,-115.1484131,1.0
55392537,2,2,True,Walnut Creek,CA,37.9020731,-122.0618702,1.0
54362814,0,2,True,Richardson,TX,32.9481789,-96.7297206,1.0
13424077,0,2,True,Richardson,TX,32.9481789,-96.7297206,1.0
29136794,0,3,True,Hartford,CT,41.764582,-72.6908547,1.0
94582361,3,3,True,White Plains,NY,41.0339862,-73.7629097,1.0
68245614,3,3,True,Richardson,TX,32.9481789,-96.7297206,1.0
52192658,4,4,True,Albuquerque,NM,35.0841034,-106.650985,1.0
69968859,0,2,True,Centennial,CO,39.579155,-104.8769227,1.0
50587694,3,3,True,Centennial,CO,39.579155,-104.8769227,1.0
55514458,0,3,True,Centennial,CO,39.579155,-104.8769227,1.0
27328743,4,4,True,Buffalo,NY,42.8864163,-78.8781493,1.0
66602850,3,3,True,Centennial,CO,39.579155,-104.8769227,1.0
54199425,0,3,True,Centennial,CO,39.579155,-104.8769227,1.0
87951870,2,2,True,Centennial,CO,39.579155,-104.8769227,1.0
35386202,4,4,True,Phoenix,AZ,33.4484367,-112.074141,1.0
49267899,4,4,True,Phoenix,AZ,33.4484367,-112.074141,1.0
84049591,2,3,True,Salt Lake City,UT,40.7596198,-111.886797,1.0
13565299,2,3,True,Phoenix,AZ,33.4484367,-112.074141,1.0
36168767,0,3,True,Albuquerque,NM,35.0841034,-106.650985,1.0
63674515,1,3,True,Richardson,TX,32.9481789,-96.7297206,1.0
99357304,0,3,True,Oklahoma City,OK,35.4729886,-97.5170536,1.0
29056378,0,2,True,Richardson,TX,32.9481789,-96.7297206,1.0
64494587,3,3,True,Virtual,MA,42.362744,-71.0837857,1.0
18601206,0,2,True,West Bridgewater,MA,42.0190922,-71.0079688,1.0
44914866,4,4,True,West Bridgewater,MA,42.0190922,-71.0079688,1.0
96917114,3,3,True,Franklin,TN,35.925206,-86.8689419,1.0
56368661,2,3,True,Independence,MO,39.0924792,-94.4137923,1.0
21204478,3,3,True,Knoxville,TN,35.9603948,-83.9210261,1.0
99925754,2,3,True,Knoxville,TN,35.9603948,-83.9210261,1.0
90406456,4,4,True,Albuquerque,NM,35.0841034,-106.650985,1.0
94370024,1,3,True,Houston,TX,29.7589382,-95.3676974,1.0
93101190,1,3,True,Houston,TX,29.7589382,-95.3676974,1.0
84638077,1,1,True,Wyomissing,PA,40.329537,-75.9652117,1.0
40504952,1,1,True,Franklin,TN,35.925206,-86.8689419,1.0
18336561,3,3,True,South Portland,ME,43.6382443,-70.2529189,1.0
83458528,3,3,True,Richardson,TX,32.9481789,-96.7297206,1.0
40336018,3,3,True,Richardson,TX,32.9481789,-96.7297206,1.0
89313217,1,3,True,Albany,NY,42.6511674,-73.754968,1.0
49505865,2,2,True,Walnut Creek,CA,37.9020731,-122.0618702,1.0
17566082,5,5,True,Naperville,IL,41.7728699,-88.1479278,1.0
59321509,5,5,True,Brookfield,WI,43.0615578,-88.1260678,1.0
38822188,3,3,True,Diamond Bar,CA,34.0286226,-117.8103367,1.0
17597223,5,5,True,Troy,MI,42.6055893,-83.1499304,1.0
95664184,4,4,True,Naperville,IL,41.7728699,-88.1479278,1.0
91645588,3,3,True,Naperville,IL,41.7728699,-88.1479278,1.0
54333554,3,4,True,Naperville,IL,41.7728699,-88.1479278,1.0
77816743,2,2,True,Diamond Bar,CA,34.0286226,-117.8103367,1.0
59914765,1,3,True,Alpharetta,GA,34.0755962,-84.2945964,1.0
43924528,3,3,True,Birmingham,AL,33.5206824,-86.8024326,1.0
25351257,4,4,True,Saint Paul,MN,44.9497487,-93.0931028,1.0
95043417,2,3,True,Alpharetta,GA,34.0755962,-84.2945964,1.0
44213601,2,3,True,Saint Paul,MN,44.9497487,-93.0931028,1.0
71624312,1,3,True,Alpharetta,GA,34.0755962,-84.2945964,1.0
85665453,1,3,True,Alpharetta,GA,34.0755962,-84.2945964,1.0
69361491,1,3,True,Alpharetta,GA,34.0755962,-84.2945964,1.0
49934194,0,1,True,Hunt Valley,MD,39.4962709,-76.6542571,1.0
11788873,2,4,True,Richardson,TX,32.9481789,-96.7297206,1.0
60276871,1,1,True,Independence,MO,39.0924792,-94.4137923,1.0
76887985,0,3,True,White Plains,NY,41.0339862,-73.7629097,1.0
91841274,2,1,True,Virtual,SC,34.1718723,-82.1564776,1.0
15483039,4,4,True,Richardson,TX,32.9481789,-96.7297206,1.0
87388759,3,3,True,Albuquerque,NM,35.0841034,-106.650985,1.0
66931509,3,3,True,Richardson,TX,32.9481789,-96.7297206,1.0
95561381,1,4,True,Boston,MA,42.3588336,-71.0578303,1.0
74608681,1,1,True,Rochester,NY,43.157285,-77.615214,1.0
54503027,1,1,True,Hartford,CT,41.764582,-72.6908547,1.0
72859063,4,4,True,Richardson,TX,32.9481789,-96.7297206,1.0
30791216,0,1,False,Melville,LA,30.6929653,-91.744004,1.0
84048146,0,2,True,Richardson,TX,32.9481789,-96.7297206,1.0
63567533,0,3,False,White Plains,NY,41.0339862,-73.7629097,1.0
56251567,1,3,True,Morristown,TN,36.2139814,-83.2948923,1.0
26922920,2,3,True,Alpharetta,GA,34.0755962,-84.2945964,1.0
12360025,1,1,True,Franklin,TN,35.925206,-86.8689419,1.0
25753043,2,3,True,Alpharetta,GA,34.0755962,-84.2945964,1.0
49136503,1,3,True,Alpharetta,GA,34.0755962,-84.2945964,1.0
63932904,3,4,True,Buffalo,NY,42.8864163,-78.8781493,1.0
93735900,1,3,True,Omaha,NE,41.2587459,-95.9383758,1.0
14800518,1,1,True,Franklin,TN,35.925206,-86.8689419,1.0
16694527,1,2,True,Buffalo,NY,42.8864163,-78.8781493,1.0
92680761,4,4,True,Richardson,TX,32.9481789,-96.7297206,1.0
48859556,1,3,True,Albany,NY,42.6511674,-73.754968,1.0
70557286,3,3,True,Virtual,VT,44.4205619,-72.0041933,1.0
53795430,3,3,True,Cincinnati,OH,39.1014537,-84.5124602,1.0
18578356,1,3,True,Buffalo,NY,42.8864163,-78.8781493,1.0
18176457,2,3,True,Alpharetta,GA,34.0755962,-84.2945964,1.0
16363367,1,3,True,Morristown,TN,36.2139814,-83.2948923,1.0
78922421,3,3,True,Naperville,IL,41.7728699,-88.1479278,1.0
81396769,3,4,True,Maryland Heights,MO,38.7150511,-90.435999,1.0
75109311,2,2,True,Walnut Creek,CA,37.9020731,-122.0618702,1.0
65638982,1,1,True,Houston,TX,29.7589382,-95.3676974,1.0
42798474,2,3,True,Saint Paul,MN,44.9497487,-93.0931028,1.0
70275620,3,4,True,Hartford,CT,41.764582,-72.6908547,1.0
49750236,2,1,True,Houston,TX,29.7589382,-95.3676974,1.0
63091074,1,3,True,Buffalo,NY,42.8864163,-78.8781493,1.0
45149910,4,5,True,Houston,TX,29.7589382,-95.3676974,1.0
99207545,3,3,True,Morristown,TN,36.2139814,-83.2948923,1.0
68291074,5,5,True,Naperville,IL,41.7728699,-88.1479278,1.0
32340888,3,3,False,Franklin,TN,35.925206,-86.8689419,1.0
26835975,3,3,True,Charlotte,NC,35.2272086,-80.8430827,1.0
33656481,3,3,True,Richmond,VA,37.5385087,-77.43428,1.0
55121511,2,3,True,Richmond,VA,37.5385087,-77.43428,1.0
77262928,3,3,True,Independence,MO,39.0924792,-94.4137923,1.0
85498591,1,1,True,Walnut Creek,CA,37.9020731,-122.0618702,1.0
44934968,1,1,True,San Diego,CA,32.7174202,-117.162772,1.0
56083320,1,4,True,Marlton,NJ,39.9005585,-74.9338911,1.0
55323900,5,5,True,Chantilly,VA,38.885219,-77.4486772,1.0
15688459,4,4,True,Melville,LA,30.6929653,-91.744004,1.0
84568374,3,4,True,Houston,TX,29.7589382,-95.3676974,1.0
78441043,2,2,True,Walnut Creek,CA,37.9020731,-122.0618702,1.0
27989597,1,3,True,Morristown,TN,36.2139814,-83.2948923,1.0
30860652,2,2,False,Houston,TX,29.7589382,-95.3676974,1.0
53534448,0,1,True,Morristown,TN,36.2139814,-83.2948923,1.0
12978925,1,1,True,Rancho Cordova,CA,38.5890723,-121.302728,1.0
33935992,0,1,True,Walnut Creek,CA,37.9020731,-122.0618702,1.0
38211857,4,4,True,San Antonio,TX,29.4246002,-98.4951405,1.0
84502481,3,3,True,Independence,MO,39.0924792,-94.4137923,1.0
90495048,1,1,True,Walnut Creek,CA,37.9020731,-122.0618702,1.0
82125193,1,3,True,Marlton,NJ,39.9005585,-74.9338911,1.0
38397433,3,4,True,Overland Park,KS,38.9742502,-94.6851702,1.0
80411419,2,2,True,Rancho Cordova,CA,38.5890723,-121.302728,1.0
16504610,1,1,True,Naperville,IL,41.7728699,-88.1479278,1.0
85590574,1,1,True,Rancho Cordova,CA,38.5890723,-121.302728,1.0
98597002,1,3,True,Flowood,MS,32.3092861,-90.1386811,1.0
59864757,3,3,True,Birmingham,AL,33.5206824,-86.8024326,1.0
49546630,3,4,True,Alpharetta,GA,34.0755962,-84.2945964,1.0
61295958,3,3,False,Rancho Cordova,CA,38.5890723,-121.302728,1.0
66066413,1,1,False,Rancho Cordova,CA,38.5890723,-121.302728,1.0
98557446,2,3,True,Columbus,OH,39.9622601,-83.0007065,1.0
63083532,1,1,False,Rancho Cordova,CA,38.5890723,-121.302728,1.0
95040052,1,3,True,Morristown,TN,36.2139814,-83.2948923,1.0
21091741,1,3,True,Edison,GA,31.5581741,-84.7381045,1.0
61927589,4,4,True,Franklin,TN,35.925206,-86.8689419,1.0
63997755,0,2,True,Overland Park,KS,38.9742502,-94.6851702,1.0
10925596,3,3,True,Hartford,CT,41.764582,-72.6908547,1.0
82540073,1,3,True,Edison,GA,31.5581741,-84.7381045,1.0
57019083,1,3,True,Naperville,IL,41.7728699,-88.1479278,1.0
35331946,0,3,True,Rancho Cordova,CA,38.5890723,-121.302728,1.0
86945771,2,3,True,Columbus,OH,39.9622601,-83.0007065,1.0
21373312,2,3,True,Alpharetta,GA,34.0755962,-84.2945964,1.0
78072257,1,3,True,New York,NY,40.7127281,-74.0060152,1.0
83844877,1,1,True,Naperville,IL,41.7728699,-88.1479278,1.0
56815705,2,3,True,Alpharetta,GA,34.0755962,-84.2945964,1.0
77703494,2,3,True,Alpharetta,GA,34.0755962,-84.2945964,1.0
15922412,3,3,True,Hartford,CT,41.764582,-72.6908547,1.0
26125212,1,1,True,Naperville,IL,41.7728699,-88.1479278,1.0
65278243,2,3,True,Saint Paul,MN,44.9497487,-93.0931028,1.0
60018311,1,3,True,San Antonio,TX,29.4246002,-98.4951405,1.0
48243991,1,3,True,Morristown,TN,36.2139814,-83.2948923,1.0
58660391,2,3,True,Naperville,IL,41.7728699,-88.1479278,1.0
24543762,1,2,True,Maryland Heights,MO,38.7150511,-90.435999,1.0
17815051,1,3,True,Louisville,KY,38.2542376,-85.759407,1.0
37231811,2,3,True,Saint Paul,MN,44.9497487,-93.0931028,1.0
49014630,3,3,True,Providence,RI,41.8239891,-71.4128343,1.0
98667729,3,3,True,Franklin,TN,35.925206,-86.8689419,1.0
60012392,0,3,True,Saint Paul,MN,44.9497487,-93.0931028,1.0
54675071,1,3,True,Alpharetta,GA,34.0755962,-84.2945964,1.0
49668813,0,2,True,Walnut Creek,CA,37.9020731,-122.0618702,1.0
32275441,1,3,True,Alpharetta,GA,34.0755962,-84.2945964,1.0
96121827,1,2,True,San Antonio,TX,29.4246002,-98.4951405,1.0
25375840,1,2,True,West Des Moines,IA,41.5644476,-93.7594059,1.0
16567704,1,3,True,Blue Bell,PA,40.147809,-75.272781,1.0
48717186,0,2,True,Richardson,TX,32.9481789,-96.7297206,1.0
39312725,0,2,True,Oklahoma City,OK,35.4729886,-97.5170536,1.0
17932464,4,5,True,White Plains,NY,41.0339862,-73.7629097,1.0
90557374,3,3,True,Irvine,CA,33.6856969,-117.825981,1.0
26289291,2,3,True,West Bridgewater,MA,42.0190922,-71.0079688,1.0
38497269,4,4,True,Naperville,IL,41.7728699,-88.1479278,1.0
16485520,4,4,True,Richardson,TX,32.9481789,-96.7297206,1.0
43504316,3,3,True,Birmingham,AL,33.5206824,-86.8024326,1.0
71417567,3,3,True,New York,NY,40.7127281,-74.0060152,1.0
66139637,1,1,True,Virtual,SC,34.1718723,-82.1564776,1.0
72252317,3,3,True,Richardson,TX,32.9481789,-96.7297206,1.0
25458542,3,3,True,Buffalo,NY,42.8864163,-78.8781493,1.0
10312516,0,2,True,Richardson,TX,32.9481789,-96.7297206,1.0
34336521,5,5,True,Omaha,NE,41.2587459,-95.9383758,1.0
82671003,0,3,True,Richmond,VA,37.5385087,-77.43428,1.0
95795536,1,1,True,Indianapolis,IN,39.7683331,-86.1583502,1.0
28980270,2,3,True,Omaha,NE,41.2587459,-95.9383758,1.0
20025235,1,1,True,Naperville,IL,41.7728699,-88.1479278,1.0
65876244,1,1,True,Naperville,IL,41.7728699,-88.1479278,1.0
15427115,1,1,True,Brookfield,WI,43.0615578,-88.1260678,1.0
44845166,1,1,True,Virtual,SC,34.1718723,-82.1564776,1.0
18249547,0,2,True,Tulsa,OK,36.1563122,-95.9927516,1.0
27096178,4,4,True,Bedford,TX,32.844017,-97.1430671,1.0
42879523,3,4,True,Spokane,WA,47.6571934,-117.42351,1.0
76629351,0,2,True,Phoenix,AZ,33.4484367,-112.074141,1.0
11350447,0,3,True,Centennial,CO,39.579155,-104.8769227,1.0
27243979,2,2,True,Centennial,CO,39.579155,-104.8769227,1.0
18443025,1,1,True,Portland,OR,45.5202471,-122.674194,1.0
49193750,3,3,True,Diamond Bar,CA,34.0286226,-117.8103367,1.0
95808856,1,1,True,Richardson,TX,32.9481789,-96.7297206,1.0
24570546,0,2,True,Maryland Heights,MO,38.7150511,-90.435999,1.0
71666223,1,3,True,Maryland Heights,MO,38.7150511,-90.435999,1.0
95423704,0,3,True,Tampa,FL,27.9449854,-82.4583107,1.0
32578043,1,1,True,Independence,MO,39.0924792,-94.4137923,1.0
16713316,1,1,True,Independence,MO,39.0924792,-94.4137923,1.0
10541914,2,3,True,Overland Park,KS,38.9742502,-94.6851702,1.0
49154339,0,3,True,Chantilly,VA,38.885219,-77.4486772,1.0
37106340,1,3,True,Birmingham,AL,33.5206824,-86.8024326,1.0
68541377,3,3,True,Glendale,AZ,33.5386858,-112.185994,1.0
11355772,3,3,True,Diamond Bar,CA,34.0286226,-117.8103367,1.0
33618209,3,3,True,Diamond Bar,CA,34.0286226,-117.8103367,1.0
90409319,0,2,True,Centennial,CO,39.579155,-104.8769227,1.0
10402032,4,4,True,Richardson,TX,32.9481789,-96.7297206,1.0
94897551,0,3,True,Orlando,FL,28.5421218,-81.379045,1.0
20792344,0,1,True,Alpharetta,GA,34.0755962,-84.2945964,1.0
18633656,1,1,False,Glens Falls,NY,43.309941,-73.644447,1.0
31311158,1,3,True,Wyomissing,PA,40.329537,-75.9652117,1.0
23257451,1,4,True,Edison,GA,31.5581741,-84.7381045,1.0
28614215,1,3,True,Glendale,AZ,33.5386858,-112.185994,1.0
54514113,1,1,True,Charlotte,NC,35.2272086,-80.8430827,1.0
16323935,1,1,True,Diamond Bar,CA,34.0286226,-117.8103367,1.0
10469089,0,2,True,Diamond Bar,CA,34.0286226,-117.8103367,1.0
85342366,4,4,True,Richardson,TX,32.9481789,-96.7297206,1.0
73062330,1,3,True,Diamond Bar,CA,34.0286226,-117.8103367,1.0
67078884,0,1,True,Melville,LA,30.6929653,-91.744004,1.0
32241392,1,2,True,Walnut Creek,CA,37.9020731,-122.0618702,1.0
57494031,0,3,True,Tampa,FL,27.9449854,-82.4583107,1.0
91174058,1,3,True,Pittsburgh,PA,40.4406968,-80.0025666,1.0
44063205,3,3,True,Charlotte,NC,35.2272086,-80.8430827,1.0
42539358,3,3,True,Richmond,VA,37.5385087,-77.43428,1.0
62061439,1,1,True,Rochester,NY,43.157285,-77.615214,1.0
20128595,1,1,True,Chantilly,VA,38.885219,-77.4486772,1.0
60318584,1,3,True,Richmond,VA,37.5385087,-77.43428,1.0
27157673,3,3,True,Charlotte,NC,35.2272086,-80.8430827,1.0
22440928,3,3,True,Virtual,SC,34.1718723,-82.1564776,1.0
11494435,3,3,True,Charlotte,NC,35.2272086,-80.8430827,1.0
92443282,0,1,True,West Bridgewater,MA,42.0190922,-71.0079688,1.0
83015876,1,3,True,Richmond,VA,37.5385087,-77.43428,1.0
18436791,1,1,True,Charlotte,NC,35.2272086,-80.8430827,1.0
38740644,1,1,True,Charlotte,NC,35.2272086,-80.8430827,1.0
26130629,4,5,True,Houston,TX,29.7589382,-95.3676974,1.0
81937770,2,3,True,Phoenix,AZ,33.4484367,-112.074141,1.0
42270197,3,4,True,San Antonio,TX,29.4246002,-98.4951405,1.0
52937512,0,3,True,Tampa,FL,27.9449854,-82.4583107,1.0
18407947,3,4,True,Oklahoma City,OK,35.4729886,-97.5170536,1.0
47873009,2,2,True,Centennial,CO,39.579155,-104.8769227,1.0
82767031,1,1,True,Richardson,TX,32.9481789,-96.7297206,1.0
47236259,5,0,False,Hartford,CT,41.764582,-72.6908547,1.0
88644765,5,0,False,Hartford,CT,41.764582,-72.6908547,1.0
86731818,1,1,True,New York,NY,40.7127281,-74.0060152,1.0
93462636,1,3,True,Hartford,CT,41.764582,-72.6908547,1.0
89117598,2,4,True,Syracuse,NY,43.0481221,-76.1474244,1.0
41627842,5,5,True,Hartford,CT,41.764582,-72.6908547,1.0
45215542,2,3,True,Hartford,CT,41.764582,-72.6908547,1.0
93222266,2,4,True,Richmond,VA,37.5385087,-77.43428,1.0
80165615,0,1,True,Alpharetta,GA,34.0755962,-84.2945964,1.0
43369495,1,1,True,Albany,NY,42.6511674,-73.754968,1.0
71276938,1,2,True,West Bridgewater,MA,42.0190922,-71.0079688,1.0
87025921,3,2,True,Knoxville,TN,35.9603948,-83.9210261,1.0
71010442,0,1,True,Melville,LA,30.6929653,-91.744004,1.0
62280861,1,4,False,Melville,LA,30.6929653,-91.744004,1.0
