claim_id,completed,severity,arrival_day,due_day,onsite,online,cluster_id,w,first_work_day,last_work_day,total_workdays,n_adjusters_used,total_effective_progress,total_base_progress,total_productivity_loss,completion_day,days_to_complete,completed_on_time
10147967,True,4,7,21,True,False,8,4.0,14.0,14.0,2.0,2.0,1.5003750937734435,1.5003750937734435,0.0,14.0,8.0,True
10290631,True,3,4,25,False,True,10,3.0,23.0,23.0,1.0,1.0,2.0,2.0,0.0,23.0,20.0,True
10341659,True,1,3,31,False,True,15,1.0,31.0,31.0,1.0,1.0,3.003003003003003,3.003003003003003,0.0,31.0,29.0,True
10391891,True,3,2,23,True,False,0,3.0,21.0,21.0,1.0,1.0,2.0,2.0,0.0,21.0,20.0,True
10419250,True,3,3,24,True,False,0,3.0,19.0,19.0,1.0,1.0,2.0,2.0,0.0,19.0,17.0,True
10611609,True,2,6,34,True,False,5,2.0,34.0,34.0,1.0,1.0,2.5,2.5,0.0,34.0,29.0,True
10660194,True,4,3,17,True,False,1,4.0,13.0,13.0,1.0,1.0,1.0,1.0,0.0,13.0,11.0,True
10703530,True,5,2,9,True,False,7,5.0,2.0,9.0,7.0,3.0,1.0,1.0,0.0,9.0,8.0,True
10771991,True,5,3,10,True,False,7,5.0,4.0,10.0,6.0,4.0,1.0,1.0,0.0,10.0,8.0,True
10892619,True,4,3,17,True,False,6,4.0,14.0,17.0,3.0,3.0,1.0001875468867216,1.0001875468867216,0.0,17.0,15.0,True
10941562,True,3,2,23,True,False,0,3.0,18.0,18.0,1.0,1.0,2.0,2.0,0.0,18.0,17.0,True
11098869,True,1,10,38,False,True,0,1.0,37.0,37.0,1.0,1.0,3.003003003003003,3.003003003003003,0.0,37.0,28.0,True
11362451,True,5,3,10,True,False,1,5.0,6.0,7.0,4.0,4.0,1.0,1.0,0.0,7.0,5.0,True
11367941,True,2,5,33,False,True,8,2.0,26.0,26.0,1.0,1.0,2.5,2.5,0.0,26.0,22.0,True
11479317,True,5,5,12,True,False,13,5.0,7.0,12.0,7.0,4.0,1.05,1.75,0.7000000000000001,12.0,8.0,True
11637019,True,5,2,9,True,False,10,5.0,2.0,9.0,8.0,4.0,1.0,1.0,0.0,9.0,8.0,True
11689329,True,5,3,10,True,False,1,5.0,3.0,10.0,4.0,4.0,1.0,1.0,0.0,10.0,8.0,True
11738311,True,3,2,23,True,False,0,3.0,19.0,19.0,1.0,1.0,2.0,2.0,0.0,19.0,18.0,True
11851998,True,5,3,10,True,False,8,5.0,3.0,10.0,8.0,4.0,1.0,1.0,0.0,10.0,8.0,True
11928202,True,1,6,34,False,True,15,1.0,32.0,32.0,1.0,1.0,3.003003003003003,3.003003003003003,0.0,32.0,27.0,True
11928999,True,3,2,23,True,False,21,3.0,22.0,22.0,1.0,1.0,1.4992503748125936,1.4992503748125936,0.0,22.0,21.0,True
12024718,True,5,3,10,True,False,2,5.0,3.0,9.0,7.0,6.0,1.0,1.0,0.0,9.0,7.0,True
12044608,True,3,11,32,True,False,8,3.0,25.0,25.0,1.0,1.0,2.0,2.0,0.0,25.0,15.0,True
12088234,True,3,19,40,False,True,14,3.0,36.0,36.0,1.0,1.0,2.0,2.0,0.0,36.0,18.0,True
12102960,True,5,4,11,True,False,13,5.0,5.0,11.0,6.0,4.0,1.0,1.0,0.0,11.0,8.0,True
12343114,True,5,2,9,True,False,0,5.0,3.0,9.0,6.0,3.0,1.125,1.125,0.0,9.0,8.0,True
12449108,True,5,4,11,True,False,17,5.0,6.0,11.0,8.0,4.0,1.0,1.0,0.0,11.0,8.0,True
12509957,True,3,3,24,True,False,0,3.0,24.0,24.0,1.0,1.0,2.0,2.0,0.0,24.0,22.0,True
12562183,True,3,4,25,False,True,0,3.0,23.0,23.0,1.0,1.0,2.0,2.0,0.0,23.0,20.0,True
12656013,True,3,2,23,True,False,15,3.0,19.0,19.0,1.0,1.0,2.0,2.0,0.0,19.0,18.0,True
12868813,True,5,4,11,True,False,3,5.0,5.0,11.0,10.0,4.0,1.1,1.375,0.2749999999999999,11.0,8.0,True
12903742,True,3,7,28,False,True,0,3.0,28.0,28.0,1.0,1.0,2.0,2.0,0.0,28.0,22.0,True
12909340,True,4,4,18,True,False,1,4.0,18.0,18.0,1.0,1.0,1.0,1.0,0.0,18.0,15.0,True
13109340,True,5,4,11,True,False,13,5.0,8.0,11.0,4.0,4.0,1.0,1.0,0.0,11.0,8.0,True
13124031,True,5,7,14,True,False,19,5.0,7.0,11.0,8.0,2.0,1.0,1.0,0.0,11.0,5.0,True
13198214,True,4,3,17,True,False,7,4.0,15.0,15.0,2.0,2.0,1.5003750937734435,1.5003750937734435,0.0,15.0,13.0,True
13213973,True,4,3,17,True,False,2,4.0,16.0,16.0,1.0,1.0,1.0,1.0,0.0,16.0,14.0,True
13376386,True,3,1,22,False,True,0,3.0,1.0,1.0,1.0,1.0,2.0,2.0,0.0,1.0,1.0,True
13637202,True,5,1,8,True,False,15,5.0,1.0,5.0,6.0,6.0,1.0,1.0,0.0,5.0,5.0,True
13766694,True,4,3,17,True,False,19,4.0,17.0,17.0,2.0,2.0,1.5003750937734435,1.5003750937734435,0.0,17.0,15.0,True
13828931,True,3,3,24,True,False,15,3.0,23.0,23.0,1.0,1.0,2.0,2.0,0.0,23.0,21.0,True
13851832,True,4,1,15,True,False,15,4.0,15.0,15.0,1.0,1.0,1.0,1.0,0.0,15.0,15.0,True
13989168,True,3,20,41,True,False,13,3.0,32.0,32.0,1.0,1.0,2.0,2.0,0.0,32.0,13.0,True
14016899,True,3,12,33,False,True,0,3.0,33.0,33.0,1.0,1.0,2.0,2.0,0.0,33.0,22.0,True
14117027,True,4,3,17,True,False,6,4.0,12.0,16.0,3.0,2.0,1.0001875468867216,1.0001875468867216,0.0,16.0,14.0,True
14182432,True,3,2,23,True,False,2,3.0,21.0,21.0,1.0,1.0,2.0,2.0,0.0,21.0,20.0,True
14256954,True,4,3,17,True,False,17,4.0,10.0,10.0,2.0,2.0,1.5003750937734435,1.5003750937734435,0.0,10.0,8.0,True
14421545,True,3,11,32,False,True,0,3.0,27.0,27.0,1.0,1.0,2.0,2.0,0.0,27.0,17.0,True
14427676,True,2,3,31,True,False,6,2.0,27.0,27.0,1.0,1.0,2.5,2.5,0.0,27.0,25.0,True
14684874,True,4,3,17,True,False,13,4.0,16.0,16.0,1.0,1.0,1.0,1.0,0.0,16.0,14.0,True
14733569,True,3,5,26,True,False,8,3.0,26.0,26.0,1.0,1.0,2.0,2.0,0.0,26.0,22.0,True
14829022,True,2,2,30,True,False,8,2.0,21.0,21.0,1.0,1.0,2.5,2.5,0.0,21.0,20.0,True
14912519,True,2,3,31,True,False,9,2.0,31.0,31.0,1.0,1.0,2.5,2.5,0.0,31.0,29.0,True
15011884,True,5,20,27,True,False,7,5.0,26.0,27.0,4.0,3.0,1.0,1.0,0.0,27.0,8.0,True
15132122,True,3,2,23,True,False,5,3.0,22.0,22.0,1.0,1.0,2.0,2.0,0.0,22.0,21.0,True
15194864,True,4,4,18,True,False,1,4.0,14.0,14.0,1.0,1.0,1.0,1.0,0.0,14.0,11.0,True
15202372,True,4,3,17,True,False,1,4.0,12.0,12.0,2.0,2.0,1.5003750937734435,1.5003750937734435,0.0,12.0,10.0,True
15394782,True,5,1,8,True,False,0,5.0,1.0,7.0,6.0,3.0,1.0,1.0,0.0,7.0,7.0,True
15400518,True,5,3,10,True,False,0,5.0,4.0,10.0,6.0,6.0,1.0,1.0,0.0,10.0,8.0,True
15438252,True,3,6,27,True,False,5,3.0,27.0,27.0,1.0,1.0,2.0,2.0,0.0,27.0,22.0,True
15522364,True,4,3,17,True,False,5,4.0,15.0,15.0,1.0,1.0,1.0,1.0,0.0,15.0,13.0,True
15591198,True,3,8,29,False,True,4,3.0,26.0,26.0,1.0,1.0,2.0,2.0,0.0,26.0,19.0,True
15620237,True,1,3,31,False,True,15,1.0,25.0,25.0,1.0,1.0,3.003003003003003,3.003003003003003,0.0,25.0,23.0,True
15670276,True,3,3,24,True,False,0,3.0,24.0,24.0,1.0,1.0,2.0,2.0,0.0,24.0,22.0,True
15735237,True,2,13,41,False,True,8,2.0,36.0,36.0,1.0,1.0,2.5,2.5,0.0,36.0,24.0,True
15822139,True,3,2,23,True,False,0,3.0,18.0,18.0,1.0,1.0,2.0,2.0,0.0,18.0,17.0,True
16182279,True,3,4,25,True,False,6,3.0,23.0,23.0,1.0,1.0,2.0,2.0,0.0,23.0,20.0,True
16273803,True,1,12,40,False,True,14,1.0,34.0,34.0,1.0,1.0,3.003003003003003,3.003003003003003,0.0,34.0,23.0,True
16376540,True,3,3,24,True,False,7,3.0,14.0,14.0,1.0,1.0,2.0,2.0,0.0,14.0,12.0,True
16403894,True,3,2,23,True,False,15,3.0,19.0,19.0,1.0,1.0,2.0,2.0,0.0,19.0,18.0,True
16431008,True,2,1,29,True,False,4,2.0,1.0,1.0,1.0,1.0,2.5,2.5,0.0,1.0,1.0,True
16490446,True,5,3,10,True,False,8,5.0,3.0,10.0,8.0,6.0,1.0,1.0,0.0,10.0,8.0,True
16536910,True,3,4,25,True,False,17,3.0,22.0,22.0,1.0,1.0,2.0,2.0,0.0,22.0,19.0,True
16556769,True,3,12,33,True,False,4,3.0,33.0,33.0,1.0,1.0,2.0,2.0,0.0,33.0,22.0,True
16728333,True,4,5,19,True,False,6,4.0,19.0,19.0,2.0,2.0,1.5003750937734435,1.5003750937734435,0.0,19.0,15.0,True
16791897,True,3,3,24,True,False,3,3.0,24.0,24.0,1.0,1.0,2.0,2.0,0.0,24.0,22.0,True
16849071,True,3,3,24,True,False,7,3.0,24.0,24.0,1.0,1.0,2.0,2.0,0.0,24.0,22.0,True
16864876,True,2,6,34,False,True,12,2.0,26.0,26.0,1.0,1.0,2.5,2.5,0.0,26.0,21.0,True
16947841,True,2,3,31,True,False,15,2.0,27.0,27.0,1.0,1.0,2.5,2.5,0.0,27.0,25.0,True
17022546,True,3,3,24,False,True,0,3.0,14.0,14.0,1.0,1.0,2.0,2.0,0.0,14.0,12.0,True
17090145,True,4,2,16,True,False,8,4.0,12.0,12.0,1.0,1.0,1.0,1.0,0.0,12.0,11.0,True
17128602,True,4,18,32,True,False,3,4.0,20.0,28.0,2.0,1.0,2.0,2.0,0.0,28.0,11.0,True
17398355,True,3,6,27,True,False,14,3.0,22.0,22.0,1.0,1.0,1.2,2.0,0.8,22.0,17.0,True
17532639,True,5,3,10,True,False,13,5.0,4.0,8.0,5.0,5.0,1.0,1.0,0.0,8.0,6.0,True
17573177,True,3,3,24,False,True,8,3.0,20.0,20.0,1.0,1.0,2.0,2.0,0.0,20.0,18.0,True
17574155,True,5,2,9,True,False,8,5.0,2.0,9.0,5.0,5.0,1.0,1.0,0.0,9.0,8.0,True
17594035,True,3,8,29,False,True,4,3.0,26.0,26.0,1.0,1.0,2.0,2.0,0.0,26.0,19.0,True
17641361,True,3,4,25,False,True,8,3.0,23.0,23.0,1.0,1.0,2.0,2.0,0.0,23.0,20.0,True
17685121,True,2,3,31,False,True,17,2.0,31.0,31.0,1.0,1.0,2.5,2.5,0.0,31.0,29.0,True
17992581,True,5,3,10,True,False,13,5.0,3.0,10.0,5.0,4.0,1.0,1.0,0.0,10.0,8.0,True
18073606,True,4,3,17,True,False,2,4.0,17.0,17.0,2.0,2.0,1.5003750937734435,1.5003750937734435,0.0,17.0,15.0,True
18091603,True,3,2,23,True,False,10,3.0,20.0,20.0,1.0,1.0,1.2,2.0,0.8,20.0,19.0,True
18149250,True,5,2,9,True,False,0,5.0,7.0,9.0,4.0,3.0,1.0,1.0,0.0,9.0,8.0,True
18186790,True,3,2,23,True,False,0,3.0,19.0,19.0,1.0,1.0,2.0,2.0,0.0,19.0,18.0,True
18220423,True,3,3,24,True,False,8,3.0,21.0,21.0,1.0,1.0,2.0,2.0,0.0,21.0,19.0,True
18373836,True,3,6,27,True,False,0,3.0,27.0,27.0,1.0,1.0,2.0,2.0,0.0,27.0,22.0,True
18407150,True,3,21,42,True,False,9,3.0,33.0,33.0,1.0,1.0,2.0,2.0,0.0,33.0,13.0,True
18658831,True,5,2,9,True,False,7,5.0,2.0,9.0,8.0,7.0,1.125,1.125,0.0,9.0,8.0,True
18664311,True,3,3,24,True,False,0,3.0,23.0,23.0,1.0,1.0,2.0,2.0,0.0,23.0,21.0,True
18870797,True,2,20,48,False,True,0,2.0,34.0,34.0,1.0,1.0,2.5,2.5,0.0,34.0,15.0,True
18915815,True,4,1,15,True,False,0,4.0,15.0,15.0,1.0,1.0,1.0,1.0,0.0,15.0,15.0,True
18979824,True,5,15,22,True,False,7,5.0,21.0,22.0,4.0,3.0,1.0,1.0,0.0,22.0,8.0,True
19012650,True,4,3,17,True,False,7,4.0,16.0,16.0,2.0,2.0,1.5003750937734435,1.5003750937734435,0.0,16.0,14.0,True
19093483,True,2,4,32,False,True,5,2.0,24.0,24.0,1.0,1.0,2.5,2.5,0.0,24.0,21.0,True
19106941,True,3,3,24,True,False,0,3.0,20.0,20.0,1.0,1.0,2.0,2.0,0.0,20.0,18.0,True
19109947,True,3,7,28,True,False,7,3.0,25.0,25.0,1.0,1.0,2.0,2.0,0.0,25.0,19.0,True
19300824,True,4,10,24,True,False,7,4.0,23.0,23.0,1.0,1.0,1.0,1.0,0.0,23.0,14.0,True
19453686,True,1,2,30,False,True,8,1.0,29.0,29.0,1.0,1.0,3.003003003003003,3.003003003003003,0.0,29.0,28.0,True
19454340,True,3,12,33,True,False,4,3.0,29.0,29.0,1.0,1.0,2.0,2.0,0.0,29.0,18.0,True
19528147,True,4,5,19,True,False,4,4.0,10.0,19.0,10.0,2.0,1.0,1.25,0.24999999999999994,19.0,15.0,True
19551080,True,4,3,17,True,False,15,4.0,16.0,16.0,2.0,2.0,1.5003750937734435,1.5003750937734435,0.0,16.0,14.0,True
19727765,True,5,3,10,True,False,18,5.0,3.0,10.0,10.0,2.0,1.0,1.25,0.24999999999999994,10.0,8.0,True
19769869,True,3,3,24,False,True,1,3.0,23.0,23.0,1.0,1.0,2.0,2.0,0.0,23.0,21.0,True
19806199,True,4,1,15,True,False,15,4.0,14.0,14.0,2.0,2.0,1.5003750937734435,1.5003750937734435,0.0,14.0,14.0,True
20075564,True,5,11,18,True,False,17,5.0,14.0,18.0,8.0,4.0,1.0,1.0,0.0,18.0,8.0,True
20177713,True,3,13,34,True,False,4,3.0,32.0,32.0,1.0,1.0,2.0,2.0,0.0,32.0,20.0,True
20243729,True,5,15,22,True,False,7,5.0,18.0,22.0,7.0,6.0,1.0,1.0,0.0,22.0,8.0,True
20381941,True,5,3,10,True,False,1,5.0,3.0,8.0,4.0,3.0,1.0,1.0,0.0,8.0,6.0,True
20404074,False,5,1,8,True,False,0,5.0,,,,,,,,,,False
20407921,True,5,1,8,True,False,15,5.0,1.0,7.0,5.0,5.0,1.0,1.0,0.0,7.0,7.0,True
20471024,True,4,4,18,True,False,10,4.0,13.0,18.0,2.0,2.0,1.5003750937734435,1.5003750937734435,0.0,18.0,15.0,True
20604531,True,3,6,27,False,True,9,3.0,27.0,27.0,1.0,1.0,2.0,2.0,0.0,27.0,22.0,True
20628615,True,2,5,33,False,True,5,2.0,26.0,26.0,1.0,1.0,2.5,2.5,0.0,26.0,22.0,True
20670989,True,1,3,31,False,True,15,1.0,30.0,30.0,1.0,1.0,3.003003003003003,3.003003003003003,0.0,30.0,28.0,True
20767237,True,3,3,24,True,False,3,3.0,24.0,24.0,1.0,1.0,2.0,2.0,0.0,24.0,22.0,True
20775919,True,2,3,31,True,False,0,2.0,29.0,29.0,1.0,1.0,2.5,2.5,0.0,29.0,27.0,True
20865042,True,3,6,27,True,False,0,3.0,27.0,27.0,1.0,1.0,2.0,2.0,0.0,27.0,22.0,True
21167710,True,2,3,31,False,True,11,2.0,31.0,31.0,1.0,1.0,2.5,2.5,0.0,31.0,29.0,True
21378986,True,3,13,34,False,True,13,3.0,29.0,29.0,1.0,1.0,2.0,2.0,0.0,29.0,17.0,True
21428246,True,3,3,24,False,True,5,3.0,6.0,6.0,1.0,1.0,2.0,2.0,0.0,6.0,4.0,True
21545804,True,3,4,25,True,False,3,3.0,25.0,25.0,1.0,1.0,2.0,2.0,0.0,25.0,22.0,True
21571015,True,3,3,24,False,True,6,3.0,24.0,24.0,1.0,1.0,2.0,2.0,0.0,24.0,22.0,True
21590309,True,4,3,17,True,False,1,4.0,17.0,17.0,2.0,2.0,1.5003750937734435,1.5003750937734435,0.0,17.0,15.0,True
21868312,True,4,3,17,True,False,25,4.0,3.0,17.0,14.0,3.0,1.05,1.75,0.7000000000000001,17.0,15.0,True
21927237,True,4,3,17,True,False,8,4.0,12.0,12.0,1.0,1.0,1.0,1.0,0.0,12.0,10.0,True
21933264,True,4,4,18,True,False,13,4.0,13.0,13.0,1.0,1.0,1.0,1.0,0.0,13.0,10.0,True
21990170,True,4,14,28,True,False,15,4.0,28.0,28.0,2.0,2.0,1.5003750937734435,1.5003750937734435,0.0,28.0,15.0,True
22163654,True,3,4,25,False,True,9,3.0,25.0,25.0,1.0,1.0,2.0,2.0,0.0,25.0,22.0,True
22265186,True,3,3,24,True,False,9,3.0,22.0,22.0,1.0,1.0,2.0,2.0,0.0,22.0,20.0,True
22453141,True,4,4,18,True,False,10,4.0,15.0,16.0,3.0,3.0,1.0001875468867216,1.0001875468867216,0.0,16.0,13.0,True
22815074,True,3,6,27,True,False,6,3.0,20.0,20.0,1.0,1.0,2.0,2.0,0.0,20.0,15.0,True
22816481,True,4,3,17,True,False,10,4.0,9.0,12.0,3.0,3.0,1.0001875468867216,1.0001875468867216,0.0,12.0,10.0,True
22854179,True,3,3,24,True,False,0,3.0,17.0,17.0,1.0,1.0,1.199400299850075,1.4992503748125936,0.2998500749625186,17.0,15.0,True
22882269,True,3,3,24,True,False,4,3.0,20.0,20.0,1.0,1.0,2.0,2.0,0.0,20.0,18.0,True
22920771,True,4,21,35,True,False,28,4.0,22.0,35.0,14.0,1.0,1.05,1.75,0.7000000000000001,35.0,15.0,True
22986408,True,3,4,25,False,True,14,3.0,19.0,19.0,1.0,1.0,2.0,2.0,0.0,19.0,16.0,True
23030615,True,5,2,9,True,False,2,5.0,2.0,8.0,7.0,5.0,1.0,1.0,0.0,8.0,7.0,True
23143461,True,5,2,9,True,False,5,5.0,2.0,8.0,4.0,3.0,1.0,1.0,0.0,8.0,7.0,True
23258833,True,4,5,19,True,False,2,4.0,19.0,19.0,2.0,2.0,1.5003750937734435,1.5003750937734435,0.0,19.0,15.0,True
23389870,True,5,2,9,True,False,10,5.0,2.0,8.0,8.0,4.0,1.0,1.0,0.0,8.0,7.0,True
23426286,True,3,10,31,True,False,4,3.0,29.0,29.0,1.0,1.0,2.0,2.0,0.0,29.0,20.0,True
23539645,True,3,3,24,True,False,6,3.0,24.0,24.0,1.0,1.0,2.0,2.0,0.0,24.0,22.0,True
23573807,True,3,3,24,True,False,15,3.0,24.0,24.0,1.0,1.0,2.0,2.0,0.0,24.0,22.0,True
23584752,True,3,3,24,True,False,0,3.0,24.0,24.0,1.0,1.0,2.0,2.0,0.0,24.0,22.0,True
23601340,True,2,3,31,False,True,8,2.0,31.0,31.0,1.0,1.0,2.5,2.5,0.0,31.0,29.0,True
23604942,True,3,20,41,True,False,14,3.0,24.0,24.0,1.0,1.0,1.2,2.0,0.8,24.0,5.0,True
23641394,True,1,5,33,False,True,15,1.0,33.0,33.0,1.0,1.0,3.003003003003003,3.003003003003003,0.0,33.0,29.0,True
23977331,True,3,5,26,True,False,5,3.0,21.0,21.0,1.0,1.0,2.0,2.0,0.0,21.0,17.0,True
24005038,True,3,3,24,True,False,0,3.0,23.0,23.0,1.0,1.0,2.0,2.0,0.0,23.0,21.0,True
24031181,True,4,22,36,True,False,9,4.0,33.0,33.0,2.0,2.0,1.5003750937734435,1.5003750937734435,0.0,33.0,12.0,True
24073253,True,4,4,18,True,False,6,4.0,4.0,18.0,3.0,3.0,1.0001875468867216,1.0001875468867216,0.0,18.0,15.0,True
24098320,True,5,1,8,True,False,0,5.0,1.0,7.0,8.0,4.0,1.0,1.0,0.0,7.0,7.0,True
24114873,True,5,3,10,True,False,13,5.0,7.0,10.0,4.0,4.0,1.0,1.0,0.0,10.0,8.0,True
24350390,False,5,3,10,True,False,2,5.0,,,,,,,,,,False
24373649,True,3,3,24,True,False,8,3.0,21.0,21.0,1.0,1.0,2.0,2.0,0.0,21.0,19.0,True
24667385,True,3,6,27,True,False,15,3.0,13.0,13.0,1.0,1.0,2.0,2.0,0.0,13.0,8.0,True
24915230,True,2,4,32,False,True,13,2.0,25.0,25.0,1.0,1.0,2.5,2.5,0.0,25.0,22.0,True
24965377,True,4,6,20,True,False,0,4.0,19.0,19.0,1.0,1.0,1.0,1.0,0.0,19.0,14.0,True
25096968,True,5,7,14,True,False,1,5.0,12.0,13.0,4.0,4.0,1.0,1.0,0.0,13.0,7.0,True
25168299,True,3,2,23,True,False,15,3.0,22.0,22.0,1.0,1.0,2.0,2.0,0.0,22.0,21.0,True
25193138,True,1,6,34,False,True,15,1.0,32.0,32.0,1.0,1.0,3.003003003003003,3.003003003003003,0.0,32.0,27.0,True
25266097,True,3,2,23,True,False,8,3.0,17.0,17.0,1.0,1.0,2.0,2.0,0.0,17.0,16.0,True
25350710,True,2,3,31,False,True,1,2.0,30.0,30.0,1.0,1.0,2.5,2.5,0.0,30.0,28.0,True
25393624,True,4,5,19,True,False,19,4.0,18.0,18.0,2.0,2.0,1.5003750937734435,1.5003750937734435,0.0,18.0,14.0,True
25429903,True,4,6,20,True,False,13,4.0,18.0,18.0,1.0,1.0,1.0,1.0,0.0,18.0,13.0,True
25554645,True,4,5,19,True,False,0,4.0,18.0,18.0,1.0,1.0,1.0,1.0,0.0,18.0,14.0,True
25603839,True,2,3,31,True,False,10,2.0,27.0,27.0,1.0,1.0,1.5,2.5,1.0,27.0,25.0,True
25615616,True,3,3,24,True,False,0,3.0,17.0,17.0,1.0,1.0,2.0,2.0,0.0,17.0,15.0,True
25678177,True,5,3,10,True,False,13,5.0,6.0,9.0,5.0,5.0,1.0,1.0,0.0,9.0,7.0,True
25881538,True,3,2,23,True,False,0,3.0,21.0,21.0,1.0,1.0,2.0,2.0,0.0,21.0,20.0,True
25952259,True,4,4,18,True,False,7,4.0,18.0,18.0,1.0,1.0,1.0,1.0,0.0,18.0,15.0,True
26000831,True,5,1,8,True,False,15,5.0,1.0,4.0,5.0,5.0,1.0,1.0,0.0,4.0,4.0,True
26027239,True,3,2,23,False,True,0,3.0,3.0,3.0,1.0,1.0,2.0,2.0,0.0,3.0,2.0,True
26043468,True,3,4,25,True,False,15,3.0,22.0,22.0,1.0,1.0,2.0,2.0,0.0,22.0,19.0,True
26054055,True,3,4,25,False,True,0,3.0,23.0,23.0,1.0,1.0,2.0,2.0,0.0,23.0,20.0,True
26258354,True,1,4,32,False,True,15,1.0,30.0,30.0,1.0,1.0,3.003003003003003,3.003003003003003,0.0,30.0,27.0,True
26347945,True,3,11,32,False,True,0,3.0,32.0,32.0,1.0,1.0,2.0,2.0,0.0,32.0,22.0,True
26512783,True,5,2,9,True,False,8,5.0,2.0,8.0,7.0,6.0,1.0,1.0,0.0,8.0,7.0,True
26561241,True,1,7,35,False,True,1,1.0,35.0,35.0,1.0,1.0,3.003003003003003,3.003003003003003,0.0,35.0,29.0,True
26561557,True,3,6,27,False,True,9,3.0,26.0,26.0,1.0,1.0,2.0,2.0,0.0,26.0,21.0,True
26902668,False,5,10,17,True,False,26,5.0,,,,,,,,,,False
26961910,True,5,1,8,True,False,15,5.0,3.0,8.0,5.0,5.0,1.0,1.0,0.0,8.0,8.0,True
26974473,True,3,3,24,True,False,10,3.0,22.0,22.0,1.0,1.0,2.0,2.0,0.0,22.0,20.0,True
26978722,True,3,5,26,True,False,0,3.0,25.0,25.0,1.0,1.0,2.0,2.0,0.0,25.0,21.0,True
27132449,True,3,3,24,True,False,0,3.0,24.0,24.0,1.0,1.0,2.0,2.0,0.0,24.0,22.0,True
27242419,True,4,10,24,True,False,1,4.0,14.0,14.0,1.0,1.0,1.0,1.0,0.0,14.0,5.0,True
27243643,True,5,4,11,True,False,18,5.0,4.0,11.0,8.0,2.0,1.0,1.0,0.0,11.0,8.0,True
27252372,True,4,2,16,True,False,2,4.0,16.0,16.0,2.0,2.0,1.5003750937734435,1.5003750937734435,0.0,16.0,15.0,True
27266096,True,1,8,36,False,True,0,1.0,36.0,36.0,1.0,1.0,3.003003003003003,3.003003003003003,0.0,36.0,29.0,True
27290956,True,3,6,27,True,False,6,3.0,26.0,26.0,1.0,1.0,2.0,2.0,0.0,26.0,21.0,True
27360664,True,4,3,17,True,False,12,4.0,3.0,17.0,8.0,2.0,1.0,1.0,0.0,17.0,15.0,True
27390118,True,3,3,24,True,False,14,3.0,10.0,10.0,1.0,1.0,1.2,2.0,0.8,10.0,8.0,True
27646906,True,2,3,31,False,True,7,2.0,31.0,31.0,1.0,1.0,2.5,2.5,0.0,31.0,29.0,True
27711633,True,2,3,31,False,True,3,2.0,31.0,31.0,1.0,1.0,2.5,2.5,0.0,31.0,29.0,True
27739886,True,5,10,17,True,False,0,5.0,15.0,17.0,6.0,4.0,1.0,1.0,0.0,17.0,8.0,True
27789940,True,3,7,28,False,True,4,3.0,28.0,28.0,1.0,1.0,2.0,2.0,0.0,28.0,22.0,True
27907071,True,4,6,20,True,False,1,4.0,13.0,13.0,2.0,2.0,1.200300075018755,1.5003750937734435,0.30007501875468856,13.0,8.0,True
27929077,True,3,3,24,True,False,25,3.0,23.0,23.0,2.0,2.0,1.5999999999999996,4.0,2.4000000000000004,23.0,21.0,True
27935826,True,3,2,23,True,False,15,3.0,19.0,19.0,1.0,1.0,2.0,2.0,0.0,19.0,18.0,True
27962354,True,5,3,10,True,False,1,5.0,3.0,7.0,6.0,6.0,1.0,1.0,0.0,7.0,5.0,True
28143961,True,4,11,25,True,False,7,4.0,25.0,25.0,1.0,1.0,1.0,1.0,0.0,25.0,15.0,True
28229164,True,3,3,24,True,False,0,3.0,24.0,24.0,1.0,1.0,2.0,2.0,0.0,24.0,22.0,True
28373297,True,5,3,10,True,False,1,5.0,5.0,6.0,4.0,4.0,1.0,1.0,0.0,6.0,4.0,True
28507914,True,5,3,10,True,False,8,5.0,4.0,10.0,8.0,4.0,1.0,1.0,0.0,10.0,8.0,True
28699898,True,3,2,23,True,False,0,3.0,21.0,21.0,1.0,1.0,2.0,2.0,0.0,21.0,20.0,True
28832313,True,5,3,10,True,False,13,5.0,7.0,9.0,4.0,4.0,1.0,1.0,0.0,9.0,7.0,True
28941777,True,2,6,34,True,False,0,2.0,34.0,34.0,1.0,1.0,2.5,2.5,0.0,34.0,29.0,True
28952002,True,3,4,25,True,False,1,3.0,24.0,24.0,1.0,1.0,2.0,2.0,0.0,24.0,21.0,True
29135757,True,5,1,8,True,False,0,5.0,1.0,6.0,5.0,4.0,1.0,1.0,0.0,6.0,6.0,True
29249291,True,4,3,17,True,False,10,4.0,11.0,16.0,2.0,2.0,1.5003750937734435,1.5003750937734435,0.0,16.0,14.0,True
29397931,True,5,3,10,True,False,7,5.0,3.0,8.0,5.0,4.0,1.0,1.0,0.0,8.0,6.0,True
29524718,True,4,6,20,True,False,6,4.0,20.0,20.0,2.0,2.0,1.5003750937734435,1.5003750937734435,0.0,20.0,15.0,True
29535293,True,2,2,30,False,True,0,2.0,23.0,23.0,1.0,1.0,2.5,2.5,0.0,23.0,22.0,True
29582688,True,4,5,19,True,False,10,4.0,19.0,19.0,2.0,2.0,1.5003750937734435,1.5003750937734435,0.0,19.0,15.0,True
29586110,True,5,2,9,True,False,1,5.0,2.0,3.0,4.0,4.0,1.0,1.0,0.0,3.0,2.0,True
29599524,True,3,3,24,False,True,15,3.0,16.0,16.0,1.0,1.0,2.0,2.0,0.0,16.0,14.0,True
29744388,True,3,3,24,False,True,0,3.0,22.0,22.0,1.0,1.0,2.0,2.0,0.0,22.0,20.0,True
29844145,False,5,11,18,True,False,11,5.0,,,,,,,,,,False
29852852,True,4,11,25,True,False,3,4.0,23.0,23.0,2.0,2.0,1.5003750937734435,1.5003750937734435,0.0,23.0,13.0,True
30073996,True,4,3,17,True,False,13,4.0,12.0,17.0,3.0,2.0,1.350337584396099,2.2505626406601653,0.9002250562640661,17.0,15.0,True
30145138,True,4,3,17,True,False,10,4.0,3.0,17.0,3.0,3.0,1.0001875468867216,1.0001875468867216,0.0,17.0,15.0,True
30244614,True,3,3,24,True,False,3,3.0,24.0,24.0,1.0,1.0,2.0,2.0,0.0,24.0,22.0,True
30291491,True,3,2,23,True,False,0,3.0,23.0,23.0,1.0,1.0,2.0,2.0,0.0,23.0,22.0,True
30414857,True,4,6,20,True,False,1,4.0,16.0,16.0,1.0,1.0,1.0,1.0,0.0,16.0,11.0,True
30460395,True,3,3,24,True,False,15,3.0,23.0,23.0,1.0,1.0,2.0,2.0,0.0,23.0,21.0,True
30478428,True,4,4,18,True,False,2,4.0,18.0,18.0,2.0,2.0,1.5003750937734435,1.5003750937734435,0.0,18.0,15.0,True
30575611,True,4,3,17,True,False,7,4.0,15.0,17.0,2.0,2.0,1.7501875468867216,1.7501875468867216,0.0,17.0,15.0,True
30618787,True,3,3,24,True,False,2,3.0,23.0,23.0,1.0,1.0,2.0,2.0,0.0,23.0,21.0,True
30806356,True,3,4,25,True,False,14,3.0,4.0,4.0,1.0,1.0,1.2,2.0,0.8,4.0,1.0,True
30871913,True,4,5,19,True,False,2,4.0,19.0,19.0,1.0,1.0,1.0,1.0,0.0,19.0,15.0,True
31160423,True,5,20,27,True,False,3,5.0,20.0,23.0,6.0,4.0,1.0,1.0,0.0,23.0,4.0,True
31293454,True,4,3,17,True,False,7,4.0,16.0,16.0,1.0,1.0,1.0,1.0,0.0,16.0,14.0,True
31301509,True,4,1,15,True,False,0,4.0,13.0,13.0,2.0,2.0,1.5003750937734435,1.5003750937734435,0.0,13.0,13.0,True
31417627,True,4,3,17,True,False,2,4.0,14.0,14.0,2.0,2.0,1.5003750937734435,1.5003750937734435,0.0,14.0,12.0,True
31477599,True,2,3,31,False,True,15,2.0,29.0,29.0,1.0,1.0,2.5,2.5,0.0,29.0,27.0,True
31691472,True,5,2,9,True,False,1,5.0,2.0,9.0,7.0,6.0,1.0,1.0,0.0,9.0,8.0,True
31727016,True,3,10,31,False,True,0,3.0,24.0,24.0,1.0,1.0,2.0,2.0,0.0,24.0,15.0,True
31783300,True,3,7,28,False,True,4,3.0,28.0,28.0,1.0,1.0,2.0,2.0,0.0,28.0,22.0,True
32028183,True,3,2,23,True,False,5,3.0,23.0,23.0,1.0,1.0,2.0,2.0,0.0,23.0,22.0,True
32211722,True,3,10,31,True,False,0,3.0,31.0,31.0,1.0,1.0,2.0,2.0,0.0,31.0,22.0,True
32550898,True,5,5,12,True,False,19,5.0,5.0,12.0,8.0,2.0,1.0,1.0,0.0,12.0,8.0,True
32699004,True,3,3,24,True,False,0,3.0,20.0,20.0,1.0,1.0,2.0,2.0,0.0,20.0,18.0,True
32723844,True,2,5,33,True,False,1,2.0,24.0,24.0,1.0,1.0,2.5,2.5,0.0,24.0,20.0,True
32895625,True,3,3,24,True,False,13,3.0,20.0,20.0,1.0,1.0,2.0,2.0,0.0,20.0,18.0,True
33007303,True,1,4,32,False,True,0,1.0,32.0,32.0,1.0,1.0,3.003003003003003,3.003003003003003,0.0,32.0,29.0,True
33010398,True,3,4,25,True,False,6,3.0,24.0,24.0,1.0,1.0,2.0,2.0,0.0,24.0,21.0,True
33042420,True,1,5,33,False,True,9,1.0,33.0,33.0,1.0,1.0,3.003003003003003,3.003003003003003,0.0,33.0,29.0,True
33047846,True,2,2,30,True,False,28,2.0,9.0,9.0,1.0,1.0,2.0,2.5,0.5,9.0,8.0,True
33147205,True,2,3,31,False,True,9,2.0,31.0,31.0,1.0,1.0,2.5,2.5,0.0,31.0,29.0,True
33476502,True,3,2,23,False,True,0,3.0,2.0,2.0,1.0,1.0,2.0,2.0,0.0,2.0,1.0,True
33540615,True,4,4,18,True,False,10,4.0,12.0,18.0,3.0,3.0,1.0001875468867216,1.0001875468867216,0.0,18.0,15.0,True
33668434,True,5,5,12,True,False,15,5.0,11.0,12.0,4.0,4.0,1.0,1.0,0.0,12.0,8.0,True
33870428,True,4,3,17,True,False,6,4.0,13.0,15.0,3.0,3.0,1.0001875468867216,1.0001875468867216,0.0,15.0,13.0,True
33875686,True,4,4,18,True,False,7,4.0,18.0,18.0,2.0,2.0,1.5003750937734435,1.5003750937734435,0.0,18.0,15.0,True
33931618,True,3,2,23,True,False,8,3.0,21.0,21.0,1.0,1.0,2.0,2.0,0.0,21.0,20.0,True
33943820,True,1,2,30,False,True,12,1.0,28.0,28.0,1.0,1.0,3.003003003003003,3.003003003003003,0.0,28.0,27.0,True
33988441,True,3,13,34,True,False,20,3.0,21.0,21.0,1.0,1.0,2.0,2.0,0.0,21.0,9.0,True
34052085,True,3,7,28,True,False,7,3.0,28.0,28.0,1.0,1.0,2.0,2.0,0.0,28.0,22.0,True
34101951,True,5,3,10,True,False,15,5.0,4.0,10.0,6.0,6.0,1.0,1.0,0.0,10.0,8.0,True
34197891,True,4,4,18,True,False,1,4.0,15.0,15.0,1.0,1.0,1.0,1.0,0.0,15.0,12.0,True
34202490,True,5,4,11,True,False,7,5.0,4.0,11.0,6.0,5.0,1.0,1.0,0.0,11.0,8.0,True
34289454,True,3,2,23,False,True,0,3.0,23.0,23.0,1.0,1.0,2.0,2.0,0.0,23.0,22.0,True
34312761,True,4,10,24,True,False,6,4.0,21.0,21.0,2.0,2.0,1.5003750937734435,1.5003750937734435,0.0,21.0,12.0,True
34336286,True,4,2,16,True,False,0,4.0,14.0,14.0,1.0,1.0,1.0,1.0,0.0,14.0,13.0,True
34353940,True,5,3,10,True,False,1,5.0,3.0,10.0,8.0,3.0,1.0,1.0,0.0,10.0,8.0,True
34364820,True,5,3,10,True,False,15,5.0,3.0,10.0,6.0,5.0,1.0,1.0,0.0,10.0,8.0,True
34379279,True,1,4,32,False,True,15,1.0,30.0,30.0,1.0,1.0,3.003003003003003,3.003003003003003,0.0,30.0,27.0,True
34382975,True,5,20,27,True,False,10,5.0,22.0,27.0,8.0,3.0,1.0,1.0,0.0,27.0,8.0,True
34480676,True,4,4,18,True,False,2,4.0,16.0,16.0,2.0,2.0,1.5003750937734435,1.5003750937734435,0.0,16.0,13.0,True
34500973,True,4,3,17,True,False,6,4.0,11.0,17.0,3.0,3.0,1.0001875468867216,1.0001875468867216,0.0,17.0,15.0,True
34532795,True,3,6,27,True,False,0,3.0,26.0,26.0,1.0,1.0,2.0,2.0,0.0,26.0,21.0,True
34607809,True,3,3,24,False,True,8,3.0,22.0,22.0,1.0,1.0,2.0,2.0,0.0,22.0,20.0,True
34612411,True,3,19,40,True,False,4,3.0,40.0,40.0,1.0,1.0,2.0,2.0,0.0,40.0,22.0,True
34670293,True,4,11,25,True,False,6,4.0,22.0,22.0,2.0,2.0,1.5003750937734435,1.5003750937734435,0.0,22.0,12.0,True
34721191,True,3,3,24,True,False,15,3.0,23.0,23.0,1.0,1.0,2.0,2.0,0.0,23.0,21.0,True
34785007,True,3,3,24,False,True,0,3.0,22.0,22.0,1.0,1.0,2.0,2.0,0.0,22.0,20.0,True
34812954,True,3,4,25,True,False,4,3.0,16.0,16.0,1.0,1.0,2.0,2.0,0.0,16.0,13.0,True
34926876,True,2,12,40,False,True,0,2.0,32.0,32.0,1.0,1.0,2.5,2.5,0.0,32.0,21.0,True
35027658,True,2,10,38,False,True,2,2.0,35.0,35.0,1.0,1.0,2.5,2.5,0.0,35.0,26.0,True
35054537,True,1,1,29,False,True,15,1.0,28.0,28.0,1.0,1.0,3.003003003003003,3.003003003003003,0.0,28.0,28.0,True
35091151,True,5,6,13,True,False,7,5.0,12.0,13.0,5.0,5.0,1.0,1.0,0.0,13.0,8.0,True
35181090,True,4,1,15,True,False,15,4.0,15.0,15.0,1.0,1.0,1.0,1.0,0.0,15.0,15.0,True
35327743,True,3,7,28,True,False,8,3.0,26.0,26.0,1.0,1.0,2.0,2.0,0.0,26.0,20.0,True
35370322,True,3,3,24,True,False,7,3.0,22.0,22.0,1.0,1.0,2.0,2.0,0.0,22.0,20.0,True
35404467,True,1,1,29,False,True,0,1.0,1.0,1.0,1.0,1.0,3.003003003003003,3.003003003003003,0.0,1.0,1.0,True
35654326,True,2,5,33,True,False,10,2.0,29.0,29.0,1.0,1.0,2.5,2.5,0.0,29.0,25.0,True
35699035,True,3,5,26,True,False,4,3.0,22.0,22.0,1.0,1.0,1.4992503748125936,1.4992503748125936,0.0,22.0,18.0,True
35859743,True,3,11,32,True,False,15,3.0,29.0,29.0,1.0,1.0,1.6,2.0,0.3999999999999999,29.0,19.0,True
36095364,True,4,3,17,True,False,0,4.0,15.0,15.0,2.0,2.0,1.5003750937734435,1.5003750937734435,0.0,15.0,13.0,True
36393664,True,4,2,16,True,False,0,4.0,12.0,12.0,2.0,2.0,1.5003750937734435,1.5003750937734435,0.0,12.0,11.0,True
36436985,True,2,13,41,True,False,8,2.0,25.0,25.0,1.0,1.0,2.5,2.5,0.0,25.0,13.0,True
36464638,True,3,3,24,True,False,8,3.0,23.0,23.0,1.0,1.0,2.0,2.0,0.0,23.0,21.0,True
36513892,True,4,3,17,True,False,6,4.0,7.0,17.0,3.0,2.0,1.0001875468867216,1.0001875468867216,0.0,17.0,15.0,True
36599335,True,4,3,17,True,False,6,4.0,3.0,14.0,3.0,3.0,1.0001875468867216,1.0001875468867216,0.0,14.0,12.0,True
36741976,True,3,10,31,True,False,1,3.0,25.0,25.0,1.0,1.0,2.0,2.0,0.0,25.0,16.0,True
36849606,True,1,2,30,False,True,15,1.0,30.0,30.0,1.0,1.0,3.003003003003003,3.003003003003003,0.0,30.0,29.0,True
36865649,True,1,3,31,False,True,15,1.0,18.0,18.0,1.0,1.0,3.003003003003003,3.003003003003003,0.0,18.0,16.0,True
37020735,True,4,7,21,True,False,7,4.0,21.0,21.0,1.0,1.0,1.0,1.0,0.0,21.0,15.0,True
37086983,True,5,3,10,True,False,0,5.0,6.0,10.0,5.0,5.0,1.0,1.0,0.0,10.0,8.0,True
37126672,True,3,3,24,False,True,0,3.0,14.0,14.0,1.0,1.0,2.0,2.0,0.0,14.0,12.0,True
37341972,True,4,2,16,True,False,5,4.0,13.0,14.0,2.0,2.0,2.0,2.0,0.0,14.0,13.0,True
37428079,True,4,3,17,True,False,12,4.0,11.0,16.0,8.0,2.0,1.0,1.0,0.0,16.0,14.0,True
37474965,True,4,4,18,True,False,9,4.0,14.0,14.0,2.0,2.0,1.5003750937734435,1.5003750937734435,0.0,14.0,11.0,True
37622453,True,2,4,32,True,False,7,2.0,29.0,29.0,1.0,1.0,2.5,2.5,0.0,29.0,26.0,True
37712464,True,3,3,24,True,False,0,3.0,19.0,19.0,1.0,1.0,2.0,2.0,0.0,19.0,17.0,True
37785214,True,5,1,8,True,False,15,5.0,1.0,7.0,8.0,6.0,1.0,1.0,0.0,7.0,7.0,True
37788034,True,3,3,24,False,True,10,3.0,21.0,21.0,1.0,1.0,2.0,2.0,0.0,21.0,19.0,True
37788556,True,4,11,25,True,False,15,4.0,13.0,13.0,2.0,2.0,1.5003750937734435,1.5003750937734435,0.0,13.0,3.0,True
37884703,True,4,4,18,True,False,2,4.0,18.0,18.0,2.0,2.0,1.5003750937734435,1.5003750937734435,0.0,18.0,15.0,True
37946335,True,5,2,9,True,False,8,5.0,2.0,8.0,6.0,4.0,1.0,1.0,0.0,8.0,7.0,True
37996477,True,3,5,26,True,False,0,3.0,26.0,26.0,1.0,1.0,2.0,2.0,0.0,26.0,22.0,True
38219062,True,4,2,16,True,False,8,4.0,14.0,14.0,1.0,1.0,1.0,1.0,0.0,14.0,13.0,True
38244579,False,5,3,10,True,False,9,5.0,,,,,,,,,,False
38244721,True,5,18,25,True,False,7,5.0,24.0,25.0,4.0,3.0,1.0,1.0,0.0,25.0,8.0,True
38283677,True,2,2,30,False,True,8,2.0,25.0,25.0,1.0,1.0,2.5,2.5,0.0,25.0,24.0,True
38345481,True,3,6,27,True,False,2,3.0,22.0,22.0,1.0,1.0,2.0,2.0,0.0,22.0,17.0,True
38490624,True,3,7,28,True,False,0,3.0,28.0,28.0,1.0,1.0,2.0,2.0,0.0,28.0,22.0,True
38491260,True,5,4,11,True,False,0,5.0,6.0,11.0,4.0,3.0,1.0,1.0,0.0,11.0,8.0,True
38498257,True,3,12,33,False,True,14,3.0,23.0,23.0,1.0,1.0,2.0,2.0,0.0,23.0,12.0,True
38535136,True,4,3,17,True,False,17,4.0,5.0,15.0,2.0,1.0,1.5003750937734435,1.5003750937734435,0.0,15.0,13.0,True
38545745,True,1,3,31,False,True,0,1.0,18.0,18.0,1.0,1.0,3.003003003003003,3.003003003003003,0.0,18.0,16.0,True
38659539,True,3,3,24,True,False,3,3.0,24.0,24.0,1.0,1.0,2.0,2.0,0.0,24.0,22.0,True
38660125,True,3,1,22,True,False,15,3.0,20.0,20.0,1.0,1.0,2.0,2.0,0.0,20.0,20.0,True
38682789,True,4,5,19,True,False,17,4.0,19.0,19.0,2.0,2.0,1.5003750937734435,1.5003750937734435,0.0,19.0,15.0,True
38693481,True,4,3,17,True,False,7,4.0,13.0,17.0,2.0,2.0,1.200300075018755,1.5003750937734435,0.30007501875468856,17.0,15.0,True
38796223,True,3,10,31,True,False,5,3.0,29.0,29.0,1.0,1.0,2.0,2.0,0.0,29.0,20.0,True
38858223,True,3,4,25,False,True,8,3.0,24.0,24.0,1.0,1.0,2.0,2.0,0.0,24.0,21.0,True
38868304,True,3,15,36,True,False,0,3.0,30.0,30.0,1.0,1.0,2.0,2.0,0.0,30.0,16.0,True
38918075,True,4,3,17,True,False,7,4.0,15.0,17.0,2.0,2.0,1.5003750937734435,1.5003750937734435,0.0,17.0,15.0,True
39034200,True,4,3,17,True,False,6,4.0,14.0,17.0,3.0,3.0,1.0001875468867216,1.0001875468867216,0.0,17.0,15.0,True
39086722,True,5,5,12,True,False,7,5.0,10.0,12.0,7.0,4.0,1.0,1.0,0.0,12.0,8.0,True
39099817,True,5,2,9,True,False,8,5.0,3.0,9.0,6.0,5.0,1.0,1.0,0.0,9.0,8.0,True
39112945,True,3,2,23,True,False,8,3.0,23.0,23.0,1.0,1.0,2.0,2.0,0.0,23.0,22.0,True
39278652,True,3,2,23,True,False,8,3.0,21.0,21.0,1.0,1.0,2.0,2.0,0.0,21.0,20.0,True
39314202,True,4,18,32,True,False,10,4.0,28.0,28.0,2.0,2.0,1.5003750937734435,1.5003750937734435,0.0,28.0,11.0,True
39320303,True,4,2,16,True,False,10,4.0,2.0,13.0,3.0,3.0,1.0001875468867216,1.0001875468867216,0.0,13.0,12.0,True
39331989,True,5,3,10,True,False,13,5.0,5.0,9.0,4.0,4.0,1.0,1.0,0.0,9.0,7.0,True
39391115,True,4,3,17,True,False,1,4.0,17.0,17.0,2.0,2.0,1.6,2.0,0.3999999999999999,17.0,15.0,True
39449946,True,4,6,20,True,False,7,4.0,19.0,19.0,2.0,2.0,1.5003750937734435,1.5003750937734435,0.0,19.0,14.0,True
39487175,True,1,2,30,False,True,15,1.0,24.0,24.0,1.0,1.0,3.003003003003003,3.003003003003003,0.0,24.0,23.0,True
39620107,True,5,5,12,True,False,29,5.0,5.0,12.0,8.0,1.0,1.0,1.0,0.0,12.0,8.0,True
39643871,True,3,14,35,True,False,2,3.0,34.0,34.0,1.0,1.0,2.0,2.0,0.0,34.0,21.0,True
39922836,True,3,4,25,True,False,0,3.0,25.0,25.0,1.0,1.0,2.0,2.0,0.0,25.0,22.0,True
39971385,True,3,5,26,True,False,4,3.0,10.0,10.0,1.0,1.0,2.0,2.0,0.0,10.0,6.0,True
40114190,True,5,2,9,True,False,15,5.0,4.0,9.0,8.0,5.0,1.0,1.0,0.0,9.0,8.0,True
40115937,True,5,3,10,True,False,13,5.0,5.0,7.0,4.0,2.0,1.0,1.0,0.0,7.0,5.0,True
40123897,True,1,3,31,False,True,9,1.0,31.0,31.0,1.0,1.0,3.003003003003003,3.003003003003003,0.0,31.0,29.0,True
40228476,True,3,3,24,True,False,0,3.0,21.0,21.0,1.0,1.0,2.0,2.0,0.0,21.0,19.0,True
40232358,True,4,20,34,True,False,15,4.0,24.0,24.0,2.0,2.0,1.5003750937734435,1.5003750937734435,0.0,24.0,5.0,True
40418753,True,3,3,24,True,False,13,3.0,24.0,24.0,1.0,1.0,2.0,2.0,0.0,24.0,22.0,True
40737428,True,5,2,9,True,False,8,5.0,2.0,5.0,7.0,6.0,1.0,1.0,0.0,5.0,4.0,True
40809082,True,2,3,31,False,True,1,2.0,31.0,31.0,1.0,1.0,2.5,2.5,0.0,31.0,29.0,True
40887256,True,3,10,31,False,True,4,3.0,28.0,28.0,1.0,1.0,2.0,2.0,0.0,28.0,19.0,True
40984670,True,5,2,9,True,False,8,5.0,4.0,8.0,7.0,7.0,1.0,1.0,0.0,8.0,7.0,True
41299502,True,4,3,17,True,False,3,4.0,15.0,15.0,2.0,2.0,1.5003750937734435,1.5003750937734435,0.0,15.0,13.0,True
41585723,True,3,2,23,True,False,15,3.0,19.0,19.0,1.0,1.0,2.0,2.0,0.0,19.0,18.0,True
41647560,True,3,20,41,True,False,3,3.0,20.0,20.0,1.0,1.0,2.0,2.0,0.0,20.0,1.0,True
41690950,True,3,3,24,False,True,7,3.0,24.0,24.0,1.0,1.0,2.0,2.0,0.0,24.0,22.0,True
41716518,True,5,2,9,True,False,0,5.0,2.0,7.0,6.0,5.0,1.0,1.0,0.0,7.0,6.0,True
41735900,True,4,1,15,True,False,15,4.0,15.0,15.0,2.0,2.0,1.5003750937734435,1.5003750937734435,0.0,15.0,15.0,True
41740920,True,3,6,27,True,False,6,3.0,19.0,19.0,1.0,1.0,2.0,2.0,0.0,19.0,14.0,True
41807405,True,3,10,31,True,False,4,3.0,31.0,31.0,1.0,1.0,2.0,2.0,0.0,31.0,22.0,True
41830248,True,5,4,11,True,False,0,5.0,7.0,8.0,5.0,5.0,1.0,1.0,0.0,8.0,5.0,True
41832880,True,2,3,31,True,False,0,2.0,30.0,30.0,1.0,1.0,2.5,2.5,0.0,30.0,28.0,True
42054372,True,4,3,17,True,False,15,4.0,17.0,17.0,1.0,1.0,1.0,1.0,0.0,17.0,15.0,True
42069937,True,5,9,16,True,False,0,5.0,13.0,16.0,4.0,3.0,1.0,1.0,0.0,16.0,8.0,True
42074158,True,1,10,38,False,True,15,1.0,37.0,37.0,1.0,1.0,3.003003003003003,3.003003003003003,0.0,37.0,28.0,True
42093983,True,1,3,31,False,True,15,1.0,28.0,28.0,1.0,1.0,3.003003003003003,3.003003003003003,0.0,28.0,26.0,True
42102320,True,5,3,10,True,False,10,5.0,3.0,10.0,8.0,3.0,1.0,1.0,0.0,10.0,8.0,True
42250196,True,5,7,14,True,False,10,5.0,12.0,14.0,8.0,4.0,1.0,1.0,0.0,14.0,8.0,True
42511533,True,5,3,10,True,False,3,5.0,3.0,9.0,7.0,4.0,1.0,1.0,0.0,9.0,7.0,True
42537717,True,3,2,23,True,False,8,3.0,20.0,20.0,1.0,1.0,2.0,2.0,0.0,20.0,19.0,True
42658946,True,4,3,17,True,False,1,4.0,17.0,17.0,2.0,2.0,1.5003750937734435,1.5003750937734435,0.0,17.0,15.0,True
42671302,True,3,10,31,True,False,14,3.0,21.0,21.0,1.0,1.0,1.2,2.0,0.8,21.0,12.0,True
42866005,True,3,14,35,False,True,5,3.0,20.0,20.0,1.0,1.0,2.0,2.0,0.0,20.0,7.0,True
43013345,True,2,3,31,True,False,8,2.0,29.0,29.0,1.0,1.0,2.5,2.5,0.0,29.0,27.0,True
43018985,True,1,2,30,False,True,12,1.0,28.0,28.0,1.0,1.0,3.003003003003003,3.003003003003003,0.0,28.0,27.0,True
43125894,True,3,18,39,True,False,4,3.0,35.0,35.0,1.0,1.0,2.0,2.0,0.0,35.0,18.0,True
43144184,True,2,1,29,False,True,0,2.0,1.0,1.0,1.0,1.0,2.5,2.5,0.0,1.0,1.0,True
43229515,True,2,18,46,False,True,7,2.0,37.0,37.0,1.0,1.0,2.5,2.5,0.0,37.0,20.0,True
43420345,True,2,3,31,False,True,6,2.0,31.0,31.0,1.0,1.0,2.5,2.5,0.0,31.0,29.0,True
43631890,True,5,1,8,True,False,15,5.0,1.0,8.0,8.0,5.0,1.0,1.0,0.0,8.0,8.0,True
43685517,True,3,3,24,False,True,15,3.0,23.0,23.0,1.0,1.0,2.0,2.0,0.0,23.0,21.0,True
43699187,True,5,3,10,True,False,13,5.0,4.0,8.0,4.0,4.0,1.0,1.0,0.0,8.0,6.0,True
43809509,True,2,2,30,True,False,15,2.0,30.0,30.0,1.0,1.0,2.5,2.5,0.0,30.0,29.0,True
43901627,True,1,2,30,False,True,0,1.0,28.0,28.0,1.0,1.0,3.003003003003003,3.003003003003003,0.0,28.0,27.0,True
44191158,True,2,9,37,False,True,5,2.0,37.0,37.0,1.0,1.0,2.5,2.5,0.0,37.0,29.0,True
44203274,True,4,3,17,True,False,13,4.0,16.0,16.0,1.0,1.0,1.0,1.0,0.0,16.0,14.0,True
44218312,True,3,5,26,True,False,9,3.0,25.0,25.0,1.0,1.0,2.0,2.0,0.0,25.0,21.0,True
44236869,True,5,2,9,True,False,1,5.0,2.0,9.0,5.0,5.0,1.0,1.0,0.0,9.0,8.0,True
44297641,True,3,4,25,True,False,0,3.0,25.0,25.0,1.0,1.0,2.0,2.0,0.0,25.0,22.0,True
44438241,True,3,3,24,False,True,0,3.0,14.0,14.0,1.0,1.0,2.0,2.0,0.0,14.0,12.0,True
44492783,True,3,7,28,True,False,2,3.0,21.0,21.0,1.0,1.0,1.2,2.0,0.8,21.0,15.0,True
44545163,True,4,10,24,True,False,6,4.0,20.0,20.0,2.0,2.0,1.5003750937734435,1.5003750937734435,0.0,20.0,11.0,True
44564234,True,5,4,11,True,False,6,5.0,4.0,11.0,8.0,6.0,1.0,1.0,0.0,11.0,8.0,True
44633479,True,3,2,23,True,False,15,3.0,18.0,18.0,1.0,1.0,2.0,2.0,0.0,18.0,17.0,True
44997027,True,3,1,22,True,False,15,3.0,22.0,22.0,1.0,1.0,2.0,2.0,0.0,22.0,22.0,True
45058397,True,3,3,24,True,False,0,3.0,19.0,19.0,1.0,1.0,2.0,2.0,0.0,19.0,17.0,True
45067916,True,5,3,10,True,False,2,5.0,3.0,6.0,4.0,2.0,1.0,1.0,0.0,6.0,4.0,True
45148681,True,5,2,9,True,False,13,5.0,2.0,5.0,6.0,3.0,1.0,1.0,0.0,5.0,4.0,True
45174426,True,3,4,25,True,False,15,3.0,25.0,25.0,1.0,1.0,2.0,2.0,0.0,25.0,22.0,True
45251105,True,4,5,19,True,False,8,4.0,19.0,19.0,1.0,1.0,1.0,1.0,0.0,19.0,15.0,True
45346385,True,3,5,26,True,False,0,3.0,26.0,26.0,1.0,1.0,2.0,2.0,0.0,26.0,22.0,True
45394363,True,5,10,17,True,False,7,5.0,14.0,17.0,6.0,4.0,1.0,1.0,0.0,17.0,8.0,True
45481156,True,3,3,24,True,False,1,3.0,22.0,22.0,1.0,1.0,2.0,2.0,0.0,22.0,20.0,True
45594890,True,2,2,30,True,False,15,2.0,26.0,26.0,1.0,1.0,2.5,2.5,0.0,26.0,25.0,True
45600752,True,3,3,24,True,False,7,3.0,23.0,23.0,1.0,1.0,2.0,2.0,0.0,23.0,21.0,True
45640997,True,5,2,9,True,False,7,5.0,2.0,9.0,6.0,5.0,1.0,1.0,0.0,9.0,8.0,True
45779025,True,3,6,27,True,False,15,3.0,24.0,24.0,1.0,1.0,2.0,2.0,0.0,24.0,19.0,True
45785981,True,3,9,30,True,False,0,3.0,29.0,29.0,1.0,1.0,2.0,2.0,0.0,29.0,21.0,True
45819546,True,4,4,18,True,False,12,4.0,4.0,18.0,8.0,2.0,1.0,1.0,0.0,18.0,15.0,True
45882137,True,1,4,32,False,True,0,1.0,32.0,32.0,1.0,1.0,3.003003003003003,3.003003003003003,0.0,32.0,29.0,True
45924388,True,5,3,10,True,False,1,5.0,4.0,9.0,6.0,5.0,1.0,1.0,0.0,9.0,7.0,True
45934863,True,4,1,15,True,False,15,4.0,15.0,15.0,2.0,2.0,1.5003750937734435,1.5003750937734435,0.0,15.0,15.0,True
45989712,True,4,3,17,True,False,1,4.0,15.0,15.0,2.0,2.0,1.6,2.0,0.3999999999999999,15.0,13.0,True
46023767,True,2,13,41,False,True,0,2.0,36.0,36.0,1.0,1.0,2.5,2.5,0.0,36.0,24.0,True
46063759,True,4,5,19,True,False,8,4.0,12.0,12.0,1.0,1.0,1.0,1.0,0.0,12.0,8.0,True
46099406,True,4,7,21,True,False,0,4.0,20.0,20.0,1.0,1.0,1.0,1.0,0.0,20.0,14.0,True
46524537,True,4,3,17,True,False,25,4.0,7.0,17.0,20.0,3.0,0.9999999999999998,2.5,1.5000000000000002,17.0,15.0,True
46571947,True,4,2,16,True,False,2,4.0,14.0,14.0,1.0,1.0,1.0,1.0,0.0,14.0,13.0,True
46680058,True,1,3,31,False,True,10,1.0,18.0,18.0,1.0,1.0,3.003003003003003,3.003003003003003,0.0,18.0,16.0,True
46779660,True,1,10,38,False,True,0,1.0,37.0,37.0,1.0,1.0,3.003003003003003,3.003003003003003,0.0,37.0,28.0,True
46902838,True,3,8,29,True,False,7,3.0,28.0,28.0,1.0,1.0,2.0,2.0,0.0,28.0,21.0,True
46932570,True,4,14,28,True,False,5,4.0,26.0,26.0,1.0,1.0,1.0,1.0,0.0,26.0,13.0,True
47098597,True,4,6,20,True,False,1,4.0,16.0,16.0,1.0,1.0,1.0,1.0,0.0,16.0,11.0,True
47158309,True,3,3,24,True,False,3,3.0,18.0,18.0,1.0,1.0,2.0,2.0,0.0,18.0,16.0,True
47254755,True,4,4,18,True,False,6,4.0,5.0,18.0,3.0,2.0,1.0001875468867216,1.0001875468867216,0.0,18.0,15.0,True
47273118,True,3,3,24,True,False,0,3.0,22.0,22.0,1.0,1.0,2.0,2.0,0.0,22.0,20.0,True
47468387,True,5,4,11,True,False,2,5.0,5.0,11.0,5.0,4.0,1.0,1.0,0.0,11.0,8.0,True
47555912,True,4,4,18,True,False,6,4.0,10.0,18.0,3.0,3.0,1.0001875468867216,1.0001875468867216,0.0,18.0,15.0,True
47562933,True,3,1,22,True,False,5,3.0,19.0,19.0,1.0,1.0,2.0,2.0,0.0,19.0,19.0,True
47678249,True,3,10,31,False,True,4,3.0,24.0,24.0,1.0,1.0,2.0,2.0,0.0,24.0,15.0,True
47699157,False,5,2,9,True,False,15,5.0,,,,,,,,,,False
47872044,True,4,4,18,True,False,2,4.0,17.0,17.0,2.0,2.0,1.5003750937734435,1.5003750937734435,0.0,17.0,14.0,True
47879707,True,5,2,9,True,False,15,5.0,2.0,8.0,7.0,7.0,1.0,1.0,0.0,8.0,7.0,True
48114411,True,2,4,32,True,False,15,2.0,31.0,31.0,1.0,1.0,2.5,2.5,0.0,31.0,28.0,True
48135440,True,3,2,23,True,False,0,3.0,23.0,23.0,1.0,1.0,2.0,2.0,0.0,23.0,22.0,True
48169659,True,3,3,24,True,False,0,3.0,23.0,23.0,1.0,1.0,2.0,2.0,0.0,23.0,21.0,True
48618286,True,2,3,31,True,False,15,2.0,27.0,27.0,1.0,1.0,2.5,2.5,0.0,27.0,25.0,True
48663814,True,3,6,27,True,False,8,3.0,22.0,22.0,1.0,1.0,2.0,2.0,0.0,22.0,17.0,True
48744339,False,5,2,9,True,False,2,5.0,,,,,,,,,,False
48763537,True,4,1,15,True,False,0,4.0,14.0,14.0,2.0,2.0,1.5003750937734435,1.5003750937734435,0.0,14.0,14.0,True
49025991,True,5,8,15,True,False,2,5.0,12.0,15.0,6.0,5.0,1.0,1.0,0.0,15.0,8.0,True
49066894,True,2,13,41,True,False,9,2.0,23.0,23.0,1.0,1.0,2.5,2.5,0.0,23.0,11.0,True
49078084,True,3,2,23,True,False,0,3.0,23.0,23.0,1.0,1.0,2.0,2.0,0.0,23.0,22.0,True
49092192,True,5,2,9,True,False,15,5.0,2.0,9.0,5.0,5.0,1.0,1.0,0.0,9.0,8.0,True
49316395,True,2,8,36,False,True,15,2.0,33.0,33.0,1.0,1.0,2.5,2.5,0.0,33.0,26.0,True
49631463,True,3,1,22,True,False,15,3.0,11.0,11.0,1.0,1.0,2.0,2.0,0.0,11.0,11.0,True
49689566,True,3,3,24,True,False,23,3.0,19.0,24.0,3.0,1.0,1.1999999999999997,6.0,4.800000000000001,24.0,22.0,True
49706612,True,4,3,17,True,False,13,4.0,17.0,17.0,1.0,1.0,1.0,1.0,0.0,17.0,15.0,True
49788980,True,3,12,33,True,False,8,3.0,33.0,33.0,1.0,1.0,2.0,2.0,0.0,33.0,22.0,True
49946138,True,3,14,35,True,False,0,3.0,35.0,35.0,1.0,1.0,2.0,2.0,0.0,35.0,22.0,True
49989156,True,4,5,19,True,False,7,4.0,19.0,19.0,2.0,2.0,1.050112528132033,1.7501875468867216,0.7000750187546887,19.0,15.0,True
50017519,True,3,4,25,False,True,0,3.0,8.0,8.0,1.0,1.0,2.0,2.0,0.0,8.0,5.0,True
50173728,True,1,6,34,False,True,15,1.0,32.0,32.0,1.0,1.0,3.003003003003003,3.003003003003003,0.0,32.0,27.0,True
50324291,True,5,13,20,True,False,7,5.0,16.0,20.0,6.0,3.0,1.0,1.0,0.0,20.0,8.0,True
50341364,True,2,3,31,False,True,2,2.0,31.0,31.0,1.0,1.0,2.5,2.5,0.0,31.0,29.0,True
50403060,True,3,19,40,True,False,0,3.0,40.0,40.0,1.0,1.0,2.0,2.0,0.0,40.0,22.0,True
50473912,True,5,9,16,True,False,2,5.0,12.0,16.0,7.0,6.0,1.125,1.125,0.0,16.0,8.0,True
50634251,True,1,7,35,False,True,0,1.0,35.0,35.0,1.0,1.0,3.003003003003003,3.003003003003003,0.0,35.0,29.0,True
50659826,True,5,3,10,True,False,13,5.0,4.0,10.0,5.0,5.0,1.0,1.0,0.0,10.0,8.0,True
50699514,True,3,3,24,True,False,7,3.0,22.0,22.0,1.0,1.0,2.0,2.0,0.0,22.0,20.0,True
50814161,True,3,2,23,True,False,5,3.0,23.0,23.0,1.0,1.0,2.0,2.0,0.0,23.0,22.0,True
50871797,True,4,3,17,True,False,6,4.0,4.0,17.0,3.0,2.0,1.0001875468867216,1.0001875468867216,0.0,17.0,15.0,True
50919094,True,3,4,25,True,False,13,3.0,25.0,25.0,1.0,1.0,2.0,2.0,0.0,25.0,22.0,True
50924711,True,5,6,13,True,False,2,5.0,12.0,13.0,6.0,5.0,1.0,1.0,0.0,13.0,8.0,True
50933551,True,5,3,10,True,False,2,5.0,3.0,10.0,4.0,2.0,1.0,1.0,0.0,10.0,8.0,True
50960672,True,2,3,31,False,True,9,2.0,31.0,31.0,1.0,1.0,2.5,2.5,0.0,31.0,29.0,True
50968655,True,4,7,21,True,False,13,4.0,15.0,15.0,1.0,1.0,1.0,1.0,0.0,15.0,9.0,True
50984520,True,5,2,9,True,False,15,5.0,2.0,9.0,7.0,4.0,1.0,1.0,0.0,9.0,8.0,True
51008414,True,3,7,28,True,False,0,3.0,28.0,28.0,1.0,1.0,2.0,2.0,0.0,28.0,22.0,True
51033345,True,4,3,17,True,False,0,4.0,14.0,14.0,2.0,2.0,1.5003750937734435,1.5003750937734435,0.0,14.0,12.0,True
51082650,True,3,2,23,True,False,0,3.0,19.0,19.0,1.0,1.0,2.0,2.0,0.0,19.0,18.0,True
51132137,True,3,10,31,True,False,7,3.0,26.0,26.0,1.0,1.0,2.0,2.0,0.0,26.0,17.0,True
51375328,True,5,3,10,True,False,3,5.0,4.0,8.0,6.0,4.0,1.125,1.125,0.0,8.0,6.0,True
51440708,True,3,4,25,False,True,13,3.0,23.0,23.0,1.0,1.0,2.0,2.0,0.0,23.0,20.0,True
51594690,True,3,3,24,False,True,5,3.0,23.0,23.0,1.0,1.0,2.0,2.0,0.0,23.0,21.0,True
51681149,True,3,5,26,True,False,7,3.0,25.0,25.0,1.0,1.0,2.0,2.0,0.0,25.0,21.0,True
51693506,True,4,4,18,True,False,3,4.0,16.0,16.0,2.0,2.0,1.5003750937734435,1.5003750937734435,0.0,16.0,13.0,True
51730988,True,1,4,32,False,True,4,1.0,32.0,32.0,1.0,1.0,3.003003003003003,3.003003003003003,0.0,32.0,29.0,True
51962308,True,3,20,41,True,False,15,3.0,27.0,27.0,1.0,1.0,2.0,2.0,0.0,27.0,8.0,True
51967161,True,3,2,23,False,True,15,3.0,21.0,21.0,1.0,1.0,2.0,2.0,0.0,21.0,20.0,True
51989309,True,4,3,17,True,False,6,4.0,16.0,17.0,3.0,3.0,1.0001875468867216,1.0001875468867216,0.0,17.0,15.0,True
52201538,True,3,21,42,True,False,2,3.0,42.0,42.0,1.0,1.0,2.0,2.0,0.0,42.0,22.0,True
52235288,True,4,3,17,True,False,6,4.0,8.0,13.0,3.0,2.0,1.0001875468867216,1.0001875468867216,0.0,13.0,11.0,True
52711433,True,4,4,18,True,False,10,4.0,18.0,18.0,3.0,3.0,1.0001875468867216,1.0001875468867216,0.0,18.0,15.0,True
52750269,True,3,3,24,False,True,14,3.0,22.0,22.0,1.0,1.0,2.0,2.0,0.0,22.0,20.0,True
52777855,True,4,6,20,True,False,25,4.0,16.0,20.0,8.0,3.0,1.0,1.0,0.0,20.0,15.0,True
52797566,True,1,3,31,False,True,15,1.0,25.0,25.0,1.0,1.0,3.003003003003003,3.003003003003003,0.0,25.0,23.0,True
52917637,True,2,5,33,False,True,15,2.0,26.0,26.0,1.0,1.0,2.5,2.5,0.0,26.0,22.0,True
52947904,True,3,3,24,True,False,6,3.0,23.0,23.0,1.0,1.0,2.0,2.0,0.0,23.0,21.0,True
53044579,True,3,4,25,True,False,1,3.0,24.0,24.0,1.0,1.0,1.2,2.0,0.8,24.0,21.0,True
53136113,True,3,4,25,True,False,9,3.0,20.0,20.0,1.0,1.0,2.0,2.0,0.0,20.0,17.0,True
53275484,True,3,2,23,False,True,4,3.0,15.0,15.0,1.0,1.0,1.4992503748125936,1.4992503748125936,0.0,15.0,14.0,True
53310059,True,3,2,23,True,False,15,3.0,18.0,18.0,1.0,1.0,2.0,2.0,0.0,18.0,17.0,True
53548677,True,3,11,32,True,False,10,3.0,24.0,24.0,1.0,1.0,2.0,2.0,0.0,24.0,14.0,True
53619360,True,3,20,41,True,False,0,3.0,41.0,41.0,1.0,1.0,2.0,2.0,0.0,41.0,22.0,True
53663111,True,3,5,26,False,True,8,3.0,26.0,26.0,1.0,1.0,2.0,2.0,0.0,26.0,22.0,True
53702340,True,3,2,23,False,True,0,3.0,23.0,23.0,1.0,1.0,2.0,2.0,0.0,23.0,22.0,True
53803182,True,3,11,32,True,False,29,3.0,19.0,19.0,1.0,1.0,2.0,2.0,0.0,19.0,9.0,True
53853343,True,3,2,23,True,False,0,3.0,21.0,21.0,1.0,1.0,2.0,2.0,0.0,21.0,20.0,True
53915976,True,2,3,31,True,False,0,2.0,30.0,30.0,1.0,1.0,2.5,2.5,0.0,30.0,28.0,True
53976647,True,4,2,16,True,False,8,4.0,11.0,11.0,2.0,2.0,1.5003750937734435,1.5003750937734435,0.0,11.0,10.0,True
54070382,True,4,4,18,True,False,6,4.0,7.0,18.0,3.0,3.0,1.0001875468867216,1.0001875468867216,0.0,18.0,15.0,True
54172692,True,4,13,27,True,False,5,4.0,25.0,25.0,2.0,2.0,1.6,2.0,0.3999999999999999,25.0,13.0,True
54214608,True,5,9,16,True,False,9,5.0,11.0,16.0,10.0,3.0,1.0,1.25,0.24999999999999994,16.0,8.0,True
54254268,True,5,3,10,True,False,13,5.0,3.0,10.0,4.0,4.0,1.0,1.0,0.0,10.0,8.0,True
54327101,True,4,7,21,True,False,7,4.0,21.0,21.0,2.0,2.0,1.5003750937734435,1.5003750937734435,0.0,21.0,15.0,True
54359883,True,4,4,18,True,False,6,4.0,9.0,18.0,3.0,3.0,1.0001875468867216,1.0001875468867216,0.0,18.0,15.0,True
54470931,True,3,3,24,True,False,0,3.0,24.0,24.0,1.0,1.0,2.0,2.0,0.0,24.0,22.0,True
54489273,True,3,3,24,True,False,1,3.0,22.0,22.0,1.0,1.0,2.0,2.0,0.0,22.0,20.0,True
54502170,True,3,1,22,False,True,0,3.0,1.0,1.0,1.0,1.0,2.0,2.0,0.0,1.0,1.0,True
54515224,True,3,7,28,False,True,15,3.0,28.0,28.0,1.0,1.0,2.0,2.0,0.0,28.0,22.0,True
54532624,True,2,2,30,False,True,15,2.0,28.0,28.0,1.0,1.0,2.5,2.5,0.0,28.0,27.0,True
54610468,True,3,2,23,False,True,0,3.0,23.0,23.0,1.0,1.0,2.0,2.0,0.0,23.0,22.0,True
54712848,True,4,3,17,True,False,7,4.0,16.0,16.0,2.0,2.0,1.5003750937734435,1.5003750937734435,0.0,16.0,14.0,True
54794966,True,5,3,10,True,False,6,5.0,3.0,10.0,8.0,5.0,1.0,1.0,0.0,10.0,8.0,True
54816181,True,3,3,24,False,True,2,3.0,23.0,23.0,1.0,1.0,2.0,2.0,0.0,23.0,21.0,True
54827899,True,3,4,25,True,False,9,3.0,25.0,25.0,1.0,1.0,2.0,2.0,0.0,25.0,22.0,True
54922553,True,3,3,24,False,True,0,3.0,22.0,22.0,1.0,1.0,2.0,2.0,0.0,22.0,20.0,True
54925606,True,4,4,18,True,False,9,4.0,13.0,17.0,2.0,2.0,1.5003750937734435,1.5003750937734435,0.0,17.0,14.0,True
54997493,True,3,5,26,True,False,4,3.0,19.0,19.0,1.0,1.0,2.0,2.0,0.0,19.0,15.0,True
55007093,True,3,2,23,True,False,0,3.0,22.0,22.0,1.0,1.0,2.0,2.0,0.0,22.0,21.0,True
55122358,True,4,3,17,True,False,19,4.0,4.0,4.0,2.0,2.0,1.5003750937734435,1.5003750937734435,0.0,4.0,2.0,True
55388403,True,5,2,9,True,False,8,5.0,2.0,8.0,5.0,4.0,1.0,1.0,0.0,8.0,7.0,True
55612037,True,3,1,22,True,False,15,3.0,22.0,22.0,1.0,1.0,2.0,2.0,0.0,22.0,22.0,True
55633404,True,3,10,31,False,True,0,3.0,28.0,28.0,1.0,1.0,2.0,2.0,0.0,28.0,19.0,True
55698297,True,3,1,22,True,False,15,3.0,22.0,22.0,1.0,1.0,2.0,2.0,0.0,22.0,22.0,True
55699161,True,3,10,31,True,False,4,3.0,30.0,30.0,1.0,1.0,2.0,2.0,0.0,30.0,21.0,True
55903838,True,4,2,16,True,False,8,4.0,12.0,12.0,2.0,2.0,1.5003750937734435,1.5003750937734435,0.0,12.0,11.0,True
55953788,True,3,19,40,True,False,15,3.0,34.0,34.0,1.0,1.0,2.0,2.0,0.0,34.0,16.0,True
56052364,True,4,3,17,True,False,5,4.0,17.0,17.0,1.0,1.0,1.0,1.0,0.0,17.0,15.0,True
56067446,False,5,3,10,True,False,9,5.0,,,,,,,,,,False
56237691,True,3,2,23,True,False,8,3.0,16.0,16.0,1.0,1.0,2.0,2.0,0.0,16.0,15.0,True
56387680,True,4,3,17,True,False,7,4.0,14.0,14.0,1.0,1.0,1.0,1.0,0.0,14.0,12.0,True
56710653,True,3,4,25,False,True,5,3.0,22.0,22.0,1.0,1.0,2.0,2.0,0.0,22.0,19.0,True
56814124,True,3,3,24,False,True,0,3.0,23.0,23.0,1.0,1.0,2.0,2.0,0.0,23.0,21.0,True
56835375,True,5,3,10,True,False,6,5.0,3.0,7.0,8.0,6.0,1.0,1.0,0.0,7.0,5.0,True
56953807,True,4,18,32,True,False,3,4.0,30.0,30.0,1.0,1.0,1.0,1.0,0.0,30.0,13.0,True
56991996,True,4,3,17,True,False,3,4.0,17.0,17.0,1.0,1.0,1.0,1.0,0.0,17.0,15.0,True
57005518,True,3,4,25,True,False,0,3.0,25.0,25.0,1.0,1.0,2.0,2.0,0.0,25.0,22.0,True
57179563,True,4,3,17,True,False,13,4.0,17.0,17.0,1.0,1.0,1.0,1.0,0.0,17.0,15.0,True
57191549,True,3,3,24,True,False,10,3.0,21.0,21.0,1.0,1.0,2.0,2.0,0.0,21.0,19.0,True
57381509,True,3,7,28,True,False,15,3.0,25.0,25.0,1.0,1.0,2.0,2.0,0.0,25.0,19.0,True
57664984,True,4,5,19,True,False,17,4.0,19.0,19.0,2.0,2.0,1.5003750937734435,1.5003750937734435,0.0,19.0,15.0,True
57838340,True,2,3,31,False,True,2,2.0,27.0,27.0,1.0,1.0,2.5,2.5,0.0,27.0,25.0,True
57922365,True,4,3,17,True,False,3,4.0,13.0,13.0,2.0,2.0,1.5003750937734435,1.5003750937734435,0.0,13.0,11.0,True
57986793,True,3,4,25,True,False,15,3.0,25.0,25.0,1.0,1.0,2.0,2.0,0.0,25.0,22.0,True
57989492,True,4,4,18,True,False,10,4.0,16.0,16.0,2.0,2.0,1.5003750937734435,1.5003750937734435,0.0,16.0,13.0,True
58094481,True,4,3,17,True,False,2,4.0,13.0,13.0,2.0,2.0,1.5003750937734435,1.5003750937734435,0.0,13.0,11.0,True
58097723,True,5,2,9,True,False,2,5.0,2.0,8.0,6.0,6.0,1.0,1.0,0.0,8.0,7.0,True
58114394,True,4,6,20,True,False,5,4.0,18.0,20.0,2.0,1.0,1.2,2.0,0.8,20.0,15.0,True
58146778,True,4,3,17,True,False,0,4.0,17.0,17.0,1.0,1.0,1.0,1.0,0.0,17.0,15.0,True
58352549,True,5,19,26,True,False,1,5.0,19.0,23.0,5.0,5.0,1.0,1.0,0.0,23.0,5.0,True
58386645,True,3,1,22,True,False,15,3.0,22.0,22.0,1.0,1.0,2.0,2.0,0.0,22.0,22.0,True
58421234,True,3,1,22,True,False,0,3.0,20.0,20.0,1.0,1.0,2.0,2.0,0.0,20.0,20.0,True
58445260,True,5,3,10,True,False,9,5.0,3.0,9.0,8.0,3.0,1.0,1.0,0.0,9.0,7.0,True
58588247,True,3,3,24,True,False,0,3.0,24.0,24.0,1.0,1.0,2.0,2.0,0.0,24.0,22.0,True
58644811,True,5,5,12,True,False,3,5.0,7.0,12.0,6.0,4.0,1.0,1.0,0.0,12.0,8.0,True
58768390,True,3,2,23,False,True,0,3.0,23.0,23.0,1.0,1.0,2.0,2.0,0.0,23.0,22.0,True
58818815,True,4,4,18,True,False,9,4.0,12.0,12.0,2.0,2.0,1.5003750937734435,1.5003750937734435,0.0,12.0,9.0,True
58834864,True,4,3,17,True,False,4,4.0,3.0,15.0,8.0,2.0,1.0,1.0,0.0,15.0,13.0,True
58896848,False,5,4,11,True,False,26,5.0,,,,,,,,,,False
58916221,True,4,4,18,True,False,6,4.0,18.0,18.0,3.0,3.0,1.0001875468867216,1.0001875468867216,0.0,18.0,15.0,True
58949952,True,1,4,32,False,True,15,1.0,32.0,32.0,1.0,1.0,3.003003003003003,3.003003003003003,0.0,32.0,29.0,True
58994033,True,3,5,26,True,False,9,3.0,25.0,25.0,1.0,1.0,2.0,2.0,0.0,25.0,21.0,True
59002596,True,4,3,17,True,False,1,4.0,15.0,15.0,2.0,2.0,1.5003750937734435,1.5003750937734435,0.0,15.0,13.0,True
59111999,True,5,1,8,True,False,0,5.0,1.0,6.0,5.0,5.0,1.0,1.0,0.0,6.0,6.0,True
59112774,True,5,2,9,True,False,5,5.0,2.0,9.0,4.0,2.0,1.0,1.0,0.0,9.0,8.0,True
59183717,True,5,12,19,True,False,2,5.0,15.0,19.0,5.0,4.0,1.0,1.0,0.0,19.0,8.0,True
59197831,False,5,4,11,True,False,22,5.0,,,,,,,,,,False
59301149,True,3,2,23,False,True,0,3.0,2.0,2.0,1.0,1.0,2.0,2.0,0.0,2.0,1.0,True
59458268,True,3,1,22,True,False,15,3.0,14.0,14.0,1.0,1.0,2.0,2.0,0.0,14.0,14.0,True
59493682,True,4,4,18,True,False,17,4.0,18.0,18.0,2.0,2.0,1.5003750937734435,1.5003750937734435,0.0,18.0,15.0,True
60167696,True,5,4,11,True,False,6,5.0,5.0,11.0,8.0,5.0,1.0,1.0,0.0,11.0,8.0,True
60177649,True,4,3,17,True,False,5,4.0,13.0,15.0,2.0,2.0,1.6,2.0,0.3999999999999999,15.0,13.0,True
60306763,True,4,4,18,True,False,5,4.0,18.0,18.0,1.0,1.0,1.0,1.0,0.0,18.0,15.0,True
60307932,True,5,3,10,True,False,1,5.0,5.0,10.0,4.0,3.0,1.0,1.0,0.0,10.0,8.0,True
60375227,True,3,10,31,True,False,15,3.0,20.0,20.0,1.0,1.0,2.0,2.0,0.0,20.0,11.0,True
60436427,True,4,3,17,True,False,7,4.0,14.0,14.0,1.0,1.0,1.0,1.0,0.0,14.0,12.0,True
60462289,True,2,3,31,False,True,1,2.0,31.0,31.0,1.0,1.0,2.5,2.5,0.0,31.0,29.0,True
60578367,True,2,5,33,True,False,10,2.0,19.0,19.0,1.0,1.0,2.5,2.5,0.0,19.0,15.0,True
60657955,True,3,2,23,True,False,28,3.0,5.0,5.0,1.0,1.0,2.0,2.0,0.0,5.0,4.0,True
60702931,True,3,1,22,False,True,15,3.0,20.0,20.0,1.0,1.0,2.0,2.0,0.0,20.0,20.0,True
60766474,True,5,4,11,True,False,5,5.0,7.0,11.0,4.0,3.0,1.0,1.0,0.0,11.0,8.0,True
60942014,True,2,4,32,False,True,2,2.0,25.0,25.0,1.0,1.0,2.5,2.5,0.0,25.0,22.0,True
60957172,True,3,6,27,False,True,7,3.0,27.0,27.0,1.0,1.0,2.0,2.0,0.0,27.0,22.0,True
61059101,True,3,3,24,True,False,0,3.0,24.0,24.0,1.0,1.0,2.0,2.0,0.0,24.0,22.0,True
61074242,True,5,3,10,True,False,1,5.0,4.0,8.0,5.0,5.0,1.0,1.0,0.0,8.0,6.0,True
61111300,True,3,8,29,True,False,9,3.0,29.0,29.0,1.0,1.0,2.0,2.0,0.0,29.0,22.0,True
61261482,True,3,2,23,True,False,15,3.0,19.0,19.0,1.0,1.0,2.0,2.0,0.0,19.0,18.0,True
61420255,True,2,2,30,False,True,8,2.0,26.0,26.0,1.0,1.0,2.5,2.5,0.0,26.0,25.0,True
61544233,True,3,11,32,True,False,0,3.0,28.0,28.0,1.0,1.0,2.0,2.0,0.0,28.0,18.0,True
61866275,True,2,4,32,False,True,6,2.0,25.0,25.0,1.0,1.0,2.5,2.5,0.0,25.0,22.0,True
61894420,True,4,3,17,True,False,6,4.0,6.0,17.0,3.0,2.0,1.0001875468867216,1.0001875468867216,0.0,17.0,15.0,True
61989344,True,4,3,17,True,False,7,4.0,17.0,17.0,2.0,2.0,1.200300075018755,1.5003750937734435,0.30007501875468856,17.0,15.0,True
62177143,True,3,2,23,True,False,0,3.0,20.0,20.0,1.0,1.0,2.0,2.0,0.0,20.0,19.0,True
62221895,True,2,5,33,True,False,17,2.0,25.0,25.0,1.0,1.0,2.5,2.5,0.0,25.0,21.0,True
62272443,True,4,11,25,True,False,1,4.0,25.0,25.0,1.0,1.0,1.0,1.0,0.0,25.0,15.0,True
62377651,True,4,8,22,True,False,7,4.0,19.0,19.0,2.0,2.0,1.5003750937734435,1.5003750937734435,0.0,19.0,12.0,True
62429135,True,3,4,25,True,False,10,3.0,23.0,23.0,1.0,1.0,2.0,2.0,0.0,23.0,20.0,True
62482328,True,3,5,26,True,False,15,3.0,15.0,15.0,1.0,1.0,2.0,2.0,0.0,15.0,11.0,True
62556373,True,5,13,20,True,False,2,5.0,13.0,20.0,4.0,2.0,1.0,1.0,0.0,20.0,8.0,True
62583355,True,2,3,31,True,False,22,2.0,6.0,6.0,1.0,1.0,1.5,2.5,1.0,6.0,4.0,True
62609802,True,5,2,9,True,False,1,5.0,2.0,9.0,8.0,5.0,1.0,1.0,0.0,9.0,8.0,True
62669017,True,5,2,9,True,False,15,5.0,2.0,9.0,6.0,5.0,1.0,1.0,0.0,9.0,8.0,True
62687338,True,4,3,17,True,False,18,4.0,13.0,13.0,2.0,2.0,1.5003750937734435,1.5003750937734435,0.0,13.0,11.0,True
62800650,True,5,4,11,True,False,1,5.0,6.0,11.0,8.0,5.0,1.0,1.0,0.0,11.0,8.0,True
62831133,True,2,6,34,False,True,8,2.0,26.0,26.0,1.0,1.0,2.5,2.5,0.0,26.0,21.0,True
62840533,True,3,5,26,False,True,10,3.0,24.0,24.0,1.0,1.0,2.0,2.0,0.0,24.0,20.0,True
62889091,True,5,4,11,True,False,1,5.0,8.0,11.0,4.0,4.0,1.0,1.0,0.0,11.0,8.0,True
62915506,True,3,8,29,True,False,0,3.0,27.0,27.0,1.0,1.0,2.0,2.0,0.0,27.0,20.0,True
63040634,True,4,4,18,True,False,13,4.0,13.0,13.0,1.0,1.0,1.0,1.0,0.0,13.0,10.0,True
63105228,True,4,3,17,True,False,6,4.0,5.0,15.0,3.0,3.0,1.0001875468867216,1.0001875468867216,0.0,15.0,13.0,True
63187573,True,4,18,32,True,False,22,4.0,18.0,32.0,24.0,2.0,1.1999999999999997,3.0,1.8000000000000003,32.0,15.0,True
63197914,True,3,3,24,False,True,8,3.0,23.0,23.0,1.0,1.0,2.0,2.0,0.0,23.0,21.0,True
63385788,True,4,4,18,True,False,18,4.0,12.0,18.0,2.0,1.0,1.5003750937734435,1.5003750937734435,0.0,18.0,15.0,True
63413541,True,4,3,17,True,False,7,4.0,14.0,14.0,2.0,2.0,1.7501875468867216,1.7501875468867216,0.0,14.0,12.0,True
63521777,True,3,3,24,True,False,7,3.0,24.0,24.0,1.0,1.0,2.0,2.0,0.0,24.0,22.0,True
63533246,True,5,3,10,True,False,0,5.0,3.0,10.0,5.0,4.0,1.0,1.0,0.0,10.0,8.0,True
63571597,True,4,6,20,True,False,2,4.0,20.0,20.0,2.0,2.0,1.5003750937734435,1.5003750937734435,0.0,20.0,15.0,True
63577916,True,3,6,27,True,False,3,3.0,14.0,14.0,1.0,1.0,2.0,2.0,0.0,14.0,9.0,True
63650990,True,1,3,31,False,True,8,1.0,31.0,31.0,1.0,1.0,3.003003003003003,3.003003003003003,0.0,31.0,29.0,True
63933354,True,4,2,16,True,False,1,4.0,16.0,16.0,2.0,2.0,1.2,2.0,0.8,16.0,15.0,True
64404919,True,4,3,17,True,False,23,4.0,3.0,17.0,8.0,1.0,1.0,1.0,0.0,17.0,15.0,True
64518651,True,3,7,28,True,False,0,3.0,28.0,28.0,1.0,1.0,2.0,2.0,0.0,28.0,22.0,True
64581593,True,4,3,17,True,False,1,4.0,16.0,16.0,2.0,2.0,1.5003750937734435,1.5003750937734435,0.0,16.0,14.0,True
64583244,True,5,3,10,True,False,1,5.0,8.0,10.0,5.0,5.0,1.0,1.0,0.0,10.0,8.0,True
64620323,True,5,3,10,True,False,9,5.0,5.0,10.0,8.0,3.0,1.0,1.0,0.0,10.0,8.0,True
64732138,True,3,8,29,True,False,0,3.0,27.0,27.0,1.0,1.0,2.0,2.0,0.0,27.0,20.0,True
65254349,True,3,6,27,True,False,8,3.0,22.0,22.0,1.0,1.0,2.0,2.0,0.0,22.0,17.0,True
65282607,True,4,19,33,True,False,0,4.0,32.0,32.0,1.0,1.0,1.0,1.0,0.0,32.0,14.0,True
65347973,True,3,4,25,False,True,17,3.0,22.0,22.0,1.0,1.0,2.0,2.0,0.0,22.0,19.0,True
65463716,True,3,2,23,True,False,15,3.0,20.0,20.0,1.0,1.0,2.0,2.0,0.0,20.0,19.0,True
65498132,True,5,3,10,True,False,7,5.0,3.0,8.0,7.0,4.0,1.0,1.0,0.0,8.0,6.0,True
65520411,True,3,21,42,True,False,5,3.0,38.0,38.0,1.0,1.0,2.0,2.0,0.0,38.0,18.0,True
65526976,True,3,2,23,False,True,0,3.0,16.0,16.0,1.0,1.0,2.0,2.0,0.0,16.0,15.0,True
65686159,True,4,2,16,True,False,3,4.0,16.0,16.0,2.0,2.0,1.5003750937734435,1.5003750937734435,0.0,16.0,15.0,True
65692182,True,3,1,22,True,False,15,3.0,22.0,22.0,1.0,1.0,2.0,2.0,0.0,22.0,22.0,True
65947359,True,5,3,10,True,False,7,5.0,3.0,6.0,5.0,5.0,1.0,1.0,0.0,6.0,4.0,True
66217422,True,5,5,12,True,False,17,5.0,7.0,12.0,8.0,3.0,1.0,1.0,0.0,12.0,8.0,True
66223766,True,3,3,24,False,True,8,3.0,22.0,22.0,1.0,1.0,2.0,2.0,0.0,22.0,20.0,True
66233106,True,3,20,41,True,False,0,3.0,37.0,37.0,1.0,1.0,2.0,2.0,0.0,37.0,18.0,True
66327959,True,4,4,18,True,False,17,4.0,5.0,18.0,6.0,2.0,1.3751875468867216,1.3751875468867216,0.0,18.0,15.0,True
66351845,True,5,7,14,True,False,15,5.0,13.0,14.0,5.0,5.0,1.0,1.0,0.0,14.0,8.0,True
66367478,True,5,5,12,True,False,3,5.0,7.0,12.0,7.0,7.0,1.0,1.0,0.0,12.0,8.0,True
66458608,True,3,4,25,True,False,7,3.0,25.0,25.0,1.0,1.0,2.0,2.0,0.0,25.0,22.0,True
66516590,True,3,3,24,False,True,7,3.0,23.0,23.0,1.0,1.0,2.0,2.0,0.0,23.0,21.0,True
66909259,True,4,6,20,True,False,10,4.0,20.0,20.0,2.0,2.0,1.5003750937734435,1.5003750937734435,0.0,20.0,15.0,True
66984466,True,3,3,24,True,False,10,3.0,23.0,23.0,1.0,1.0,2.0,2.0,0.0,23.0,21.0,True
67021537,True,4,6,20,True,False,13,4.0,12.0,12.0,1.0,1.0,1.0,1.0,0.0,12.0,7.0,True
67091841,True,3,2,23,True,False,8,3.0,23.0,23.0,1.0,1.0,2.0,2.0,0.0,23.0,22.0,True
67219441,True,3,18,39,True,False,0,3.0,38.0,38.0,1.0,1.0,2.0,2.0,0.0,38.0,21.0,True
67235920,True,3,1,22,True,False,0,3.0,22.0,22.0,1.0,1.0,2.0,2.0,0.0,22.0,22.0,True
67251615,True,3,3,24,True,False,15,3.0,20.0,20.0,1.0,1.0,2.0,2.0,0.0,20.0,18.0,True
67410106,True,5,1,8,True,False,15,5.0,1.0,7.0,5.0,4.0,1.0,1.0,0.0,7.0,7.0,True
67520033,True,1,3,31,False,True,1,1.0,31.0,31.0,1.0,1.0,3.003003003003003,3.003003003003003,0.0,31.0,29.0,True
67594486,True,3,4,25,True,False,1,3.0,24.0,24.0,1.0,1.0,1.2,2.0,0.8,24.0,21.0,True
67599722,True,5,3,10,True,False,10,5.0,3.0,9.0,8.0,5.0,1.0,1.0,0.0,9.0,7.0,True
67832939,True,5,3,10,True,False,13,5.0,6.0,8.0,4.0,4.0,1.0,1.0,0.0,8.0,6.0,True
67975870,True,3,2,23,True,False,0,3.0,20.0,20.0,1.0,1.0,2.0,2.0,0.0,20.0,19.0,True
68034750,True,4,20,34,True,False,3,4.0,25.0,25.0,1.0,1.0,1.0,1.0,0.0,25.0,6.0,True
68066256,True,3,3,24,True,False,0,3.0,18.0,18.0,1.0,1.0,2.0,2.0,0.0,18.0,16.0,True
68068737,True,2,3,31,False,True,0,2.0,31.0,31.0,1.0,1.0,2.5,2.5,0.0,31.0,29.0,True
68070900,True,3,2,23,True,False,8,3.0,12.0,12.0,1.0,1.0,2.0,2.0,0.0,12.0,11.0,True
68076342,True,2,7,35,True,False,5,2.0,34.0,34.0,1.0,1.0,2.5,2.5,0.0,34.0,28.0,True
68110823,True,2,3,31,True,False,17,2.0,27.0,27.0,1.0,1.0,2.5,2.5,0.0,27.0,25.0,True
68152603,True,3,4,25,True,False,1,3.0,20.0,20.0,1.0,1.0,2.0,2.0,0.0,20.0,17.0,True
68161694,True,3,7,28,True,False,6,3.0,26.0,26.0,1.0,1.0,2.0,2.0,0.0,26.0,20.0,True
68184818,True,3,3,24,False,True,0,3.0,23.0,23.0,1.0,1.0,2.0,2.0,0.0,23.0,21.0,True
68299199,True,3,4,25,True,False,5,3.0,24.0,24.0,1.0,1.0,2.0,2.0,0.0,24.0,21.0,True
68360513,True,4,4,18,True,False,7,4.0,18.0,18.0,2.0,2.0,1.5003750937734435,1.5003750937734435,0.0,18.0,15.0,True
68390470,True,3,2,23,True,False,0,3.0,17.0,17.0,1.0,1.0,2.0,2.0,0.0,17.0,16.0,True
68435739,True,2,2,30,True,False,0,2.0,28.0,28.0,1.0,1.0,2.5,2.5,0.0,28.0,27.0,True
68531044,True,4,5,19,True,False,7,4.0,19.0,19.0,1.0,1.0,1.0,1.0,0.0,19.0,15.0,True
68550850,True,3,3,24,True,False,2,3.0,20.0,20.0,1.0,1.0,2.0,2.0,0.0,20.0,18.0,True
68639486,True,3,20,41,True,False,5,3.0,33.0,33.0,1.0,1.0,2.0,2.0,0.0,33.0,14.0,True
68714832,True,3,20,41,True,False,17,3.0,40.0,40.0,1.0,1.0,2.0,2.0,0.0,40.0,21.0,True
68884875,True,5,3,10,True,False,8,5.0,4.0,10.0,5.0,4.0,1.125,1.125,0.0,10.0,8.0,True
68938414,True,3,5,26,True,False,0,3.0,26.0,26.0,1.0,1.0,2.0,2.0,0.0,26.0,22.0,True
69038390,True,1,3,31,False,True,15,1.0,28.0,28.0,1.0,1.0,3.003003003003003,3.003003003003003,0.0,28.0,26.0,True
69076779,True,5,2,9,True,False,13,5.0,2.0,3.0,4.0,4.0,1.0,1.0,0.0,3.0,2.0,True
69194463,True,4,2,16,True,False,0,4.0,13.0,13.0,2.0,2.0,1.5003750937734435,1.5003750937734435,0.0,13.0,12.0,True
69417955,True,3,5,26,True,False,7,3.0,15.0,15.0,1.0,1.0,2.0,2.0,0.0,15.0,11.0,True
69429129,True,4,5,19,True,False,1,4.0,12.0,12.0,1.0,1.0,1.0,1.0,0.0,12.0,8.0,True
69618328,True,3,2,23,True,False,15,3.0,23.0,23.0,1.0,1.0,2.0,2.0,0.0,23.0,22.0,True
69621229,True,3,15,36,True,False,0,3.0,31.0,31.0,1.0,1.0,2.0,2.0,0.0,31.0,17.0,True
69805960,True,5,3,10,True,False,2,5.0,3.0,10.0,6.0,5.0,1.0,1.0,0.0,10.0,8.0,True
70000816,True,3,7,28,True,False,0,3.0,25.0,25.0,1.0,1.0,2.0,2.0,0.0,25.0,19.0,True
70059778,True,3,3,24,True,False,0,3.0,21.0,21.0,1.0,1.0,2.0,2.0,0.0,21.0,19.0,True
70065156,True,4,3,17,True,False,19,4.0,16.0,16.0,2.0,2.0,1.5003750937734435,1.5003750937734435,0.0,16.0,14.0,True
70087922,True,3,3,24,True,False,0,3.0,18.0,18.0,1.0,1.0,2.0,2.0,0.0,18.0,16.0,True
70104926,True,3,20,41,False,True,9,3.0,38.0,38.0,1.0,1.0,2.0,2.0,0.0,38.0,19.0,True
70117027,True,2,3,31,True,False,1,2.0,26.0,26.0,1.0,1.0,2.0,2.5,0.5,26.0,24.0,True
70360438,True,5,3,10,True,False,17,5.0,4.0,10.0,8.0,4.0,1.0,1.0,0.0,10.0,8.0,True
70479662,True,4,3,17,True,False,15,4.0,17.0,17.0,1.0,1.0,1.0,1.0,0.0,17.0,15.0,True
70483492,True,4,3,17,True,False,17,4.0,3.0,13.0,2.0,1.0,1.5003750937734435,1.5003750937734435,0.0,13.0,11.0,True
70724497,True,1,3,31,False,True,8,1.0,31.0,31.0,1.0,1.0,3.003003003003003,3.003003003003003,0.0,31.0,29.0,True
70749121,True,3,21,42,True,False,4,3.0,36.0,36.0,1.0,1.0,2.0,2.0,0.0,36.0,16.0,True
70787117,True,3,6,27,False,True,7,3.0,26.0,26.0,1.0,1.0,2.0,2.0,0.0,26.0,21.0,True
70843522,True,5,5,12,True,False,3,5.0,5.0,12.0,7.0,5.0,1.0,1.0,0.0,12.0,8.0,True
70923390,True,4,4,18,True,False,10,4.0,7.0,15.0,3.0,3.0,1.0001875468867216,1.0001875468867216,0.0,15.0,12.0,True
70926162,True,4,6,20,True,False,7,4.0,20.0,20.0,2.0,2.0,1.5003750937734435,1.5003750937734435,0.0,20.0,15.0,True
70942690,True,4,3,17,True,False,10,4.0,6.0,15.0,3.0,3.0,1.0001875468867216,1.0001875468867216,0.0,15.0,13.0,True
70946685,True,3,3,24,True,False,22,3.0,3.0,3.0,1.0,1.0,1.2,2.0,0.8,3.0,1.0,True
71015832,True,4,3,17,True,False,6,4.0,6.0,15.0,3.0,3.0,1.0001875468867216,1.0001875468867216,0.0,15.0,13.0,True
71140260,True,3,22,43,True,False,9,3.0,37.0,37.0,2.0,2.0,1.5999999999999996,4.0,2.4000000000000004,37.0,16.0,True
71499375,True,1,4,32,False,True,15,1.0,32.0,32.0,1.0,1.0,3.003003003003003,3.003003003003003,0.0,32.0,29.0,True
71615680,True,1,21,49,False,True,17,1.0,39.0,39.0,1.0,1.0,3.003003003003003,3.003003003003003,0.0,39.0,19.0,True
71714404,True,2,3,31,False,True,6,2.0,26.0,26.0,1.0,1.0,2.5,2.5,0.0,26.0,24.0,True
71760872,True,5,1,8,True,False,15,5.0,2.0,7.0,6.0,5.0,1.0,1.0,0.0,7.0,7.0,True
71958391,True,3,19,40,True,False,4,3.0,37.0,37.0,1.0,1.0,2.0,2.0,0.0,37.0,19.0,True
72040199,True,4,22,36,True,False,9,4.0,24.0,24.0,2.0,2.0,1.5003750937734435,1.5003750937734435,0.0,24.0,3.0,True
72070529,True,5,4,11,True,False,2,5.0,5.0,11.0,6.0,6.0,1.0,1.0,0.0,11.0,8.0,True
72197177,True,3,3,24,False,True,2,3.0,21.0,21.0,1.0,1.0,2.0,2.0,0.0,21.0,19.0,True
72237706,True,2,1,29,True,False,0,2.0,27.0,27.0,1.0,1.0,2.5,2.5,0.0,27.0,27.0,True
72621526,True,3,11,32,True,False,7,3.0,31.0,31.0,1.0,1.0,2.0,2.0,0.0,31.0,21.0,True
72644250,True,5,5,12,True,False,5,5.0,11.0,12.0,4.0,3.0,1.0,1.0,0.0,12.0,8.0,True
72828702,True,3,3,24,True,False,6,3.0,23.0,23.0,1.0,1.0,2.0,2.0,0.0,23.0,21.0,True
72878418,True,2,3,31,True,False,10,2.0,26.0,26.0,1.0,1.0,2.5,2.5,0.0,26.0,24.0,True
72904514,True,4,5,19,True,False,3,4.0,19.0,19.0,2.0,2.0,1.5003750937734435,1.5003750937734435,0.0,19.0,15.0,True
72956433,True,3,6,27,False,True,3,3.0,27.0,27.0,1.0,1.0,2.0,2.0,0.0,27.0,22.0,True
73035281,True,1,3,31,False,True,15,1.0,29.0,29.0,1.0,1.0,3.003003003003003,3.003003003003003,0.0,29.0,27.0,True
73036050,True,2,3,31,True,False,5,2.0,29.0,29.0,1.0,1.0,2.0,2.5,0.5,29.0,27.0,True
73104057,True,4,3,17,True,False,17,4.0,6.0,17.0,2.0,2.0,1.5003750937734435,1.5003750937734435,0.0,17.0,15.0,True
73344763,True,4,4,18,True,False,10,4.0,15.0,18.0,3.0,3.0,1.0001875468867216,1.0001875468867216,0.0,18.0,15.0,True
73439021,True,2,8,36,True,False,12,2.0,28.0,28.0,1.0,1.0,2.0,2.5,0.5,28.0,21.0,True
73510252,True,3,4,25,False,True,8,3.0,15.0,15.0,1.0,1.0,2.0,2.0,0.0,15.0,12.0,True
74188885,True,3,3,24,True,False,1,3.0,21.0,21.0,1.0,1.0,2.0,2.0,0.0,21.0,19.0,True
74333754,True,3,3,24,True,False,2,3.0,24.0,24.0,1.0,1.0,1.6,2.0,0.3999999999999999,24.0,22.0,True
74345842,True,1,4,32,False,True,8,1.0,32.0,32.0,1.0,1.0,3.003003003003003,3.003003003003003,0.0,32.0,29.0,True
74419280,True,4,4,18,True,False,0,4.0,18.0,18.0,1.0,1.0,1.0,1.0,0.0,18.0,15.0,True
74465705,True,2,3,31,False,True,0,2.0,31.0,31.0,1.0,1.0,2.5,2.5,0.0,31.0,29.0,True
74536715,True,5,2,9,True,False,5,5.0,4.0,9.0,5.0,3.0,1.0,1.25,0.24999999999999994,9.0,8.0,True
74544121,True,2,4,32,False,True,9,2.0,26.0,26.0,1.0,1.0,2.5,2.5,0.0,26.0,23.0,True
74609966,True,5,11,18,True,False,1,5.0,13.0,18.0,4.0,4.0,1.0,1.0,0.0,18.0,8.0,True
74611319,True,5,10,17,True,False,13,5.0,13.0,16.0,6.0,4.0,1.0,1.0,0.0,16.0,7.0,True
74624107,True,4,7,21,True,False,3,4.0,15.0,15.0,1.0,1.0,1.0,1.0,0.0,15.0,9.0,True
74647694,False,5,2,9,True,False,30,5.0,,,,,,,,,,False
74810352,True,4,2,16,True,False,8,4.0,13.0,13.0,1.0,1.0,1.0,1.0,0.0,13.0,12.0,True
74903311,True,5,3,10,True,False,3,5.0,3.0,10.0,8.0,4.0,1.0,1.0,0.0,10.0,8.0,True
74978693,True,1,1,29,False,True,15,1.0,1.0,1.0,1.0,1.0,3.003003003003003,3.003003003003003,0.0,1.0,1.0,True
74987065,True,3,3,24,True,False,11,3.0,23.0,24.0,2.0,1.0,1.7991004497751122,2.998500749625187,1.199400299850075,24.0,22.0,True
75078387,True,3,3,24,True,False,2,3.0,24.0,24.0,1.0,1.0,2.0,2.0,0.0,24.0,22.0,True
75087575,True,5,14,21,True,False,1,5.0,14.0,21.0,7.0,6.0,1.05,1.75,0.7000000000000001,21.0,8.0,True
75100937,True,5,3,10,True,False,17,5.0,3.0,9.0,8.0,4.0,1.0,1.0,0.0,9.0,7.0,True
75125571,True,5,13,20,True,False,20,5.0,13.0,20.0,8.0,1.0,1.0,1.0,0.0,20.0,8.0,True
75161670,False,5,3,10,True,False,3,5.0,,,,,,,,,,False
75203309,True,3,21,42,False,True,0,3.0,38.0,38.0,1.0,1.0,2.0,2.0,0.0,38.0,18.0,True
75208548,True,4,1,15,True,False,0,4.0,12.0,12.0,2.0,2.0,1.5003750937734435,1.5003750937734435,0.0,12.0,12.0,True
75219971,True,1,5,33,False,True,0,1.0,33.0,33.0,1.0,1.0,3.003003003003003,3.003003003003003,0.0,33.0,29.0,True
75222772,True,5,2,9,True,False,13,5.0,2.0,9.0,4.0,3.0,1.0,1.0,0.0,9.0,8.0,True
75245436,True,3,6,27,True,False,8,3.0,22.0,22.0,1.0,1.0,2.0,2.0,0.0,22.0,17.0,True
75276484,True,1,3,31,False,True,11,1.0,29.0,29.0,1.0,1.0,3.003003003003003,3.003003003003003,0.0,29.0,27.0,True
75395824,True,2,4,32,True,False,15,2.0,32.0,32.0,1.0,1.0,2.5,2.5,0.0,32.0,29.0,True
75623476,True,4,3,17,True,False,1,4.0,15.0,15.0,1.0,1.0,1.0,1.0,0.0,15.0,13.0,True
75630135,True,4,3,17,True,False,13,4.0,16.0,16.0,1.0,1.0,1.0,1.0,0.0,16.0,14.0,True
75719762,True,2,4,32,True,False,18,2.0,32.0,32.0,1.0,1.0,2.5,2.5,0.0,32.0,29.0,True
75728900,True,3,1,22,True,False,0,3.0,20.0,20.0,1.0,1.0,2.0,2.0,0.0,20.0,20.0,True
75745580,True,3,1,22,False,True,15,3.0,1.0,1.0,1.0,1.0,2.0,2.0,0.0,1.0,1.0,True
75931096,True,4,4,18,True,False,6,4.0,12.0,18.0,3.0,3.0,1.0001875468867216,1.0001875468867216,0.0,18.0,15.0,True
75936333,True,5,6,13,True,False,13,5.0,12.0,13.0,4.0,4.0,1.0,1.0,0.0,13.0,8.0,True
75944436,True,1,6,34,False,True,15,1.0,33.0,33.0,1.0,1.0,3.003003003003003,3.003003003003003,0.0,33.0,28.0,True
76058214,True,4,2,16,True,False,12,4.0,2.0,9.0,8.0,2.0,1.0,1.0,0.0,9.0,8.0,True
76146197,True,4,5,19,True,False,10,4.0,19.0,19.0,2.0,2.0,1.5003750937734435,1.5003750937734435,0.0,19.0,15.0,True
76163732,True,4,13,27,True,False,4,4.0,21.0,27.0,8.0,2.0,1.0,1.0,0.0,27.0,15.0,True
76247345,True,3,2,23,True,False,8,3.0,21.0,21.0,1.0,1.0,2.0,2.0,0.0,21.0,20.0,True
76537848,True,5,10,17,True,False,10,5.0,12.0,17.0,8.0,5.0,1.0,1.0,0.0,17.0,8.0,True
76643740,True,4,3,17,True,False,1,4.0,15.0,15.0,2.0,2.0,1.5003750937734435,1.5003750937734435,0.0,15.0,13.0,True
76648186,True,4,3,17,True,False,7,4.0,17.0,17.0,1.0,1.0,1.0,1.0,0.0,17.0,15.0,True
76765208,True,3,3,24,True,False,15,3.0,20.0,20.0,1.0,1.0,2.0,2.0,0.0,20.0,18.0,True
76845443,True,1,2,30,False,True,0,1.0,29.0,29.0,1.0,1.0,3.003003003003003,3.003003003003003,0.0,29.0,28.0,True
76939180,True,2,8,36,True,False,3,2.0,27.0,27.0,1.0,1.0,2.5,2.5,0.0,27.0,20.0,True
77004428,True,5,4,11,True,False,2,5.0,4.0,11.0,8.0,3.0,1.0,1.0,0.0,11.0,8.0,True
77129325,True,4,4,18,True,False,10,4.0,13.0,18.0,3.0,3.0,1.0001875468867216,1.0001875468867216,0.0,18.0,15.0,True
77500327,True,3,14,35,True,False,5,3.0,35.0,35.0,1.0,1.0,2.0,2.0,0.0,35.0,22.0,True
77519131,True,3,20,41,False,True,5,3.0,35.0,35.0,1.0,1.0,2.0,2.0,0.0,35.0,16.0,True
77519781,True,3,3,24,True,False,0,3.0,18.0,18.0,1.0,1.0,2.0,2.0,0.0,18.0,16.0,True
77583238,True,1,4,32,False,True,15,1.0,32.0,32.0,1.0,1.0,3.003003003003003,3.003003003003003,0.0,32.0,29.0,True
77585273,True,5,19,26,True,False,15,5.0,19.0,26.0,5.0,5.0,1.0,1.0,0.0,26.0,8.0,True
77941716,True,4,19,33,True,False,2,4.0,25.0,25.0,2.0,2.0,1.5003750937734435,1.5003750937734435,0.0,25.0,7.0,True
78176410,True,3,14,35,True,False,15,3.0,28.0,28.0,1.0,1.0,2.0,2.0,0.0,28.0,15.0,True
78257789,True,5,6,13,True,False,6,5.0,6.0,13.0,8.0,6.0,1.0,1.0,0.0,13.0,8.0,True
78405399,True,4,3,17,True,False,6,4.0,3.0,14.0,3.0,2.0,1.0001875468867216,1.0001875468867216,0.0,14.0,12.0,True
78685358,True,2,20,48,True,False,15,2.0,23.0,23.0,1.0,1.0,2.5,2.5,0.0,23.0,4.0,True
78796822,True,5,5,12,True,False,7,5.0,7.0,12.0,6.0,4.0,1.0,1.25,0.24999999999999994,12.0,8.0,True
78858418,True,3,3,24,True,False,0,3.0,22.0,22.0,1.0,1.0,2.0,2.0,0.0,22.0,20.0,True
78896470,True,3,3,24,True,False,2,3.0,20.0,20.0,1.0,1.0,2.0,2.0,0.0,20.0,18.0,True
79028590,True,1,5,33,False,True,0,1.0,33.0,33.0,1.0,1.0,3.003003003003003,3.003003003003003,0.0,33.0,29.0,True
79069516,True,5,3,10,True,False,13,5.0,3.0,4.0,4.0,2.0,1.0,1.0,0.0,4.0,2.0,True
79092121,True,5,3,10,True,False,3,5.0,3.0,5.0,8.0,3.0,1.0,1.0,0.0,5.0,3.0,True
79193020,True,5,5,12,True,False,1,5.0,11.0,12.0,5.0,5.0,1.0,1.0,0.0,12.0,8.0,True
79204406,True,4,8,22,True,False,15,4.0,16.0,16.0,2.0,2.0,1.5003750937734435,1.5003750937734435,0.0,16.0,9.0,True
79215234,True,5,3,10,True,False,0,5.0,4.0,10.0,8.0,6.0,1.125,1.125,0.0,10.0,8.0,True
79303757,True,3,3,24,False,True,0,3.0,24.0,24.0,1.0,1.0,2.0,2.0,0.0,24.0,22.0,True
79359054,True,5,3,10,True,False,7,5.0,4.0,10.0,6.0,4.0,1.0,1.0,0.0,10.0,8.0,True
79604516,True,3,12,33,True,False,0,3.0,33.0,33.0,1.0,1.0,2.0,2.0,0.0,33.0,22.0,True
79719922,True,3,2,23,False,True,0,3.0,23.0,23.0,1.0,1.0,2.0,2.0,0.0,23.0,22.0,True
79748541,True,3,2,23,True,False,7,3.0,23.0,23.0,1.0,1.0,2.0,2.0,0.0,23.0,22.0,True
79890536,True,3,4,25,True,False,15,3.0,22.0,22.0,1.0,1.0,2.0,2.0,0.0,22.0,19.0,True
79916476,True,2,1,29,False,True,0,2.0,1.0,1.0,1.0,1.0,2.5,2.5,0.0,1.0,1.0,True
79943561,True,4,3,17,True,False,13,4.0,16.0,16.0,1.0,1.0,1.0,1.0,0.0,16.0,14.0,True
80065108,True,4,2,16,True,False,0,4.0,13.0,14.0,2.0,1.0,1.5003750937734435,1.5003750937734435,0.0,14.0,13.0,True
80382046,True,4,2,16,True,False,9,4.0,2.0,2.0,2.0,2.0,1.200300075018755,1.5003750937734435,0.30007501875468856,2.0,1.0,True
80386487,True,3,3,24,True,False,0,3.0,20.0,20.0,1.0,1.0,2.0,2.0,0.0,20.0,18.0,True
80534914,True,5,4,11,True,False,10,5.0,4.0,11.0,8.0,4.0,1.0,1.0,0.0,11.0,8.0,True
80622748,True,3,3,24,True,False,8,3.0,24.0,24.0,1.0,1.0,2.0,2.0,0.0,24.0,22.0,True
80636212,True,4,11,25,True,False,6,4.0,21.0,21.0,2.0,2.0,1.5003750937734435,1.5003750937734435,0.0,21.0,11.0,True
80640362,True,2,3,31,True,False,0,2.0,28.0,28.0,1.0,1.0,2.5,2.5,0.0,28.0,26.0,True
80794183,True,4,2,16,True,False,0,4.0,14.0,14.0,1.0,1.0,1.0,1.0,0.0,14.0,13.0,True
80870666,True,3,18,39,True,False,10,3.0,32.0,32.0,1.0,1.0,2.0,2.0,0.0,32.0,15.0,True
80881288,True,4,3,17,True,False,0,4.0,15.0,15.0,1.0,1.0,1.0,1.0,0.0,15.0,13.0,True
80976162,True,3,2,23,True,False,5,3.0,18.0,18.0,1.0,1.0,2.0,2.0,0.0,18.0,17.0,True
81276423,True,5,3,10,True,False,15,5.0,3.0,10.0,7.0,5.0,1.0,1.0,0.0,10.0,8.0,True
81401247,True,3,2,23,True,False,0,3.0,22.0,22.0,1.0,1.0,2.0,2.0,0.0,22.0,21.0,True
81439291,True,5,10,17,True,False,5,5.0,14.0,17.0,4.0,2.0,1.0,1.0,0.0,17.0,8.0,True
81613075,True,3,3,24,False,True,3,3.0,14.0,14.0,1.0,1.0,2.0,2.0,0.0,14.0,12.0,True
81634710,True,4,4,18,True,False,10,4.0,14.0,17.0,3.0,3.0,1.0001875468867216,1.0001875468867216,0.0,17.0,14.0,True
81657921,True,4,7,21,True,False,1,4.0,14.0,14.0,1.0,1.0,1.0,1.0,0.0,14.0,8.0,True
82005893,True,3,5,26,False,True,8,3.0,26.0,26.0,1.0,1.0,2.0,2.0,0.0,26.0,22.0,True
82019812,True,3,2,23,False,True,0,3.0,21.0,21.0,1.0,1.0,2.0,2.0,0.0,21.0,20.0,True
82139923,False,5,4,11,True,False,7,5.0,,,,,,,,,,False
82280556,True,3,3,24,True,False,0,3.0,23.0,23.0,1.0,1.0,2.0,2.0,0.0,23.0,21.0,True
82368108,True,1,2,30,False,True,0,1.0,28.0,28.0,1.0,1.0,3.003003003003003,3.003003003003003,0.0,28.0,27.0,True
82372071,True,3,9,30,True,False,3,3.0,19.0,19.0,1.0,1.0,2.0,2.0,0.0,19.0,11.0,True
82408034,True,5,3,10,True,False,15,5.0,5.0,10.0,4.0,4.0,1.0,1.0,0.0,10.0,8.0,True
82473832,True,5,5,12,True,False,6,5.0,5.0,12.0,8.0,7.0,1.0,1.0,0.0,12.0,8.0,True
82499615,True,1,5,33,False,True,8,1.0,33.0,33.0,1.0,1.0,3.003003003003003,3.003003003003003,0.0,33.0,29.0,True
82528579,True,4,4,18,True,False,18,4.0,14.0,16.0,2.0,1.0,1.5003750937734435,1.5003750937734435,0.0,16.0,13.0,True
82539754,True,5,4,11,True,False,1,5.0,9.0,11.0,4.0,3.0,1.0,1.0,0.0,11.0,8.0,True
82661340,True,3,5,26,True,False,6,3.0,24.0,24.0,1.0,1.0,2.0,2.0,0.0,24.0,20.0,True
82908253,True,4,4,18,True,False,16,4.0,4.0,13.0,8.0,1.0,1.0,1.0,0.0,13.0,10.0,True
83144084,True,4,20,34,True,False,7,4.0,29.0,29.0,2.0,2.0,1.5003750937734435,1.5003750937734435,0.0,29.0,10.0,True
83320199,True,3,13,34,True,False,5,3.0,30.0,30.0,1.0,1.0,2.0,2.0,0.0,30.0,18.0,True
83429720,True,3,20,41,False,True,14,3.0,38.0,38.0,1.0,1.0,2.0,2.0,0.0,38.0,19.0,True
83629478,True,3,4,25,True,False,1,3.0,24.0,24.0,1.0,1.0,2.0,2.0,0.0,24.0,21.0,True
83678710,True,5,2,9,True,False,1,5.0,2.0,4.0,5.0,5.0,1.0,1.0,0.0,4.0,3.0,True
83834084,True,5,3,10,True,False,5,5.0,5.0,10.0,4.0,2.0,1.0,1.0,0.0,10.0,8.0,True
83921644,True,1,4,32,False,True,15,1.0,32.0,32.0,1.0,1.0,3.003003003003003,3.003003003003003,0.0,32.0,29.0,True
84003540,True,3,10,31,True,False,0,3.0,29.0,29.0,1.0,1.0,2.0,2.0,0.0,29.0,20.0,True
84044230,True,3,2,23,True,False,7,3.0,21.0,21.0,1.0,1.0,2.0,2.0,0.0,21.0,20.0,True
84080874,True,2,3,31,True,False,24,2.0,31.0,31.0,1.0,1.0,2.0,2.0,0.0,31.0,29.0,True
84177662,True,5,9,16,True,False,6,5.0,14.0,16.0,8.0,5.0,1.0,1.0,0.0,16.0,8.0,True
84187455,True,4,3,17,True,False,2,4.0,15.0,15.0,2.0,2.0,1.5003750937734435,1.5003750937734435,0.0,15.0,13.0,True
84318564,True,1,13,41,False,True,11,1.0,40.0,40.0,1.0,1.0,3.003003003003003,3.003003003003003,0.0,40.0,28.0,True
84345271,True,4,3,17,True,False,7,4.0,14.0,14.0,2.0,2.0,1.5003750937734435,1.5003750937734435,0.0,14.0,12.0,True
84346161,True,3,2,23,True,False,0,3.0,17.0,17.0,1.0,1.0,2.0,2.0,0.0,17.0,16.0,True
84455331,True,4,3,17,True,False,10,4.0,14.0,17.0,2.0,2.0,1.200300075018755,1.5003750937734435,0.30007501875468856,17.0,15.0,True
84465955,True,3,2,23,True,False,7,3.0,23.0,23.0,1.0,1.0,2.0,2.0,0.0,23.0,22.0,True
84530048,True,3,4,25,True,False,9,3.0,21.0,21.0,1.0,1.0,2.0,2.0,0.0,21.0,18.0,True
84574331,True,3,5,26,False,True,15,3.0,25.0,25.0,1.0,1.0,1.4992503748125936,1.4992503748125936,0.0,25.0,21.0,True
84606193,True,3,2,23,False,True,9,3.0,20.0,20.0,1.0,1.0,2.0,2.0,0.0,20.0,19.0,True
84607862,True,2,4,32,True,False,3,2.0,32.0,32.0,1.0,1.0,2.5,2.5,0.0,32.0,29.0,True
84730110,True,5,3,10,True,False,6,5.0,4.0,10.0,8.0,7.0,1.0,1.0,0.0,10.0,8.0,True
84810658,True,1,3,31,False,True,8,1.0,31.0,31.0,1.0,1.0,3.003003003003003,3.003003003003003,0.0,31.0,29.0,True
85018146,True,4,3,17,True,False,7,4.0,15.0,15.0,1.0,1.0,1.0,1.0,0.0,15.0,13.0,True
85097498,True,3,6,27,True,False,1,3.0,27.0,27.0,1.0,1.0,2.0,2.0,0.0,27.0,22.0,True
85132818,True,5,4,11,True,False,8,5.0,8.0,11.0,5.0,4.0,1.125,1.125,0.0,11.0,8.0,True
85158978,True,2,2,30,True,False,0,2.0,29.0,29.0,1.0,1.0,2.5,2.5,0.0,29.0,28.0,True
85162092,True,3,10,31,True,False,4,3.0,28.0,28.0,1.0,1.0,2.0,2.0,0.0,28.0,19.0,True
85163935,True,2,2,30,True,False,12,2.0,21.0,21.0,1.0,1.0,2.5,2.5,0.0,21.0,20.0,True
85293779,True,3,4,25,True,False,17,3.0,22.0,22.0,1.0,1.0,2.0,2.0,0.0,22.0,19.0,True
85351662,True,4,3,17,True,False,2,4.0,17.0,17.0,1.0,1.0,1.0,1.0,0.0,17.0,15.0,True
85510849,True,3,5,26,True,False,2,3.0,24.0,24.0,1.0,1.0,2.0,2.0,0.0,24.0,20.0,True
85514574,True,2,2,30,False,True,3,2.0,28.0,28.0,1.0,1.0,2.0,2.0,0.0,28.0,27.0,True
85559919,True,2,3,31,True,False,15,2.0,30.0,30.0,1.0,1.0,2.5,2.5,0.0,30.0,28.0,True
85614782,True,3,2,23,True,False,8,3.0,22.0,22.0,1.0,1.0,2.0,2.0,0.0,22.0,21.0,True
85713053,True,1,4,32,False,True,15,1.0,32.0,32.0,1.0,1.0,3.003003003003003,3.003003003003003,0.0,32.0,29.0,True
85876972,True,5,3,10,True,False,6,5.0,3.0,9.0,8.0,5.0,1.0,1.0,0.0,9.0,7.0,True
85897165,True,4,10,24,True,False,7,4.0,23.0,23.0,1.0,1.0,1.0,1.0,0.0,23.0,14.0,True
85902201,True,4,5,19,True,False,9,4.0,13.0,18.0,2.0,1.0,1.5003750937734435,1.5003750937734435,0.0,18.0,14.0,True
85903801,True,4,2,16,True,False,8,4.0,13.0,13.0,1.0,1.0,1.0,1.0,0.0,13.0,12.0,True
85977664,True,3,11,32,True,False,8,3.0,30.0,30.0,1.0,1.0,2.0,2.0,0.0,30.0,20.0,True
85992267,True,4,7,21,True,False,5,4.0,19.0,19.0,1.0,1.0,1.0,1.0,0.0,19.0,13.0,True
86006374,True,3,3,24,False,True,1,3.0,24.0,24.0,1.0,1.0,2.0,2.0,0.0,24.0,22.0,True
86054113,True,3,4,25,True,False,25,3.0,25.0,25.0,1.0,1.0,1.6,2.0,0.3999999999999999,25.0,22.0,True
86426359,True,3,2,23,False,True,9,3.0,7.0,7.0,1.0,1.0,2.0,2.0,0.0,7.0,6.0,True
86498344,True,5,2,9,True,False,8,5.0,4.0,9.0,5.0,4.0,1.0,1.0,0.0,9.0,8.0,True
86517267,True,4,3,17,True,False,17,4.0,11.0,12.0,2.0,1.0,1.5003750937734435,1.5003750937734435,0.0,12.0,10.0,True
86519548,True,5,5,12,True,False,3,5.0,7.0,12.0,7.0,5.0,1.0,1.0,0.0,12.0,8.0,True
86576632,True,2,4,32,True,False,10,2.0,32.0,32.0,1.0,1.0,2.5,2.5,0.0,32.0,29.0,True
86588848,True,5,3,10,True,False,5,5.0,3.0,5.0,4.0,3.0,1.0,1.0,0.0,5.0,3.0,True
86723437,True,3,2,23,True,False,0,3.0,21.0,21.0,1.0,1.0,2.0,2.0,0.0,21.0,20.0,True
86777142,True,5,3,10,True,False,10,5.0,5.0,10.0,8.0,5.0,1.0,1.0,0.0,10.0,8.0,True
86996734,True,4,3,17,True,False,0,4.0,16.0,16.0,2.0,2.0,1.5003750937734435,1.5003750937734435,0.0,16.0,14.0,True
87020892,True,3,2,23,True,False,0,3.0,18.0,18.0,1.0,1.0,2.0,2.0,0.0,18.0,17.0,True
87062115,True,4,3,17,True,False,9,4.0,17.0,17.0,2.0,2.0,1.5003750937734435,1.5003750937734435,0.0,17.0,15.0,True
87106153,True,3,2,23,True,False,0,3.0,17.0,17.0,1.0,1.0,2.0,2.0,0.0,17.0,16.0,True
87178272,True,3,1,22,True,False,15,3.0,18.0,18.0,1.0,1.0,2.0,2.0,0.0,18.0,18.0,True
87179753,True,5,4,11,True,False,2,5.0,5.0,11.0,8.0,5.0,1.0,1.0,0.0,11.0,8.0,True
87223908,True,3,3,24,True,False,7,3.0,24.0,24.0,1.0,1.0,2.0,2.0,0.0,24.0,22.0,True
87249450,True,3,11,32,True,False,5,3.0,32.0,32.0,1.0,1.0,2.0,2.0,0.0,32.0,22.0,True
87278356,True,5,3,10,True,False,1,5.0,7.0,9.0,4.0,3.0,1.0,1.0,0.0,9.0,7.0,True
87305335,True,4,3,17,True,False,6,4.0,10.0,17.0,3.0,2.0,1.0001875468867216,1.0001875468867216,0.0,17.0,15.0,True
87360077,True,4,3,17,True,False,1,4.0,14.0,14.0,1.0,1.0,1.0,1.0,0.0,14.0,12.0,True
87459649,True,3,4,25,True,False,7,3.0,23.0,23.0,1.0,1.0,1.6,2.0,0.3999999999999999,23.0,20.0,True
87944301,True,1,2,30,False,True,8,1.0,29.0,29.0,1.0,1.0,3.003003003003003,3.003003003003003,0.0,29.0,28.0,True
88071747,True,5,7,14,True,False,13,5.0,12.0,14.0,4.0,4.0,1.0,1.0,0.0,14.0,8.0,True
88103198,True,3,4,25,True,False,15,3.0,22.0,22.0,1.0,1.0,2.0,2.0,0.0,22.0,19.0,True
88344608,True,3,5,26,True,False,1,3.0,26.0,26.0,1.0,1.0,2.0,2.0,0.0,26.0,22.0,True
88384460,True,1,5,33,False,True,15,1.0,33.0,33.0,1.0,1.0,3.003003003003003,3.003003003003003,0.0,33.0,29.0,True
88414660,True,1,4,32,False,True,3,1.0,32.0,32.0,1.0,1.0,3.003003003003003,3.003003003003003,0.0,32.0,29.0,True
88494322,True,5,3,10,True,False,7,5.0,4.0,10.0,8.0,6.0,1.125,1.125,0.0,10.0,8.0,True
88517106,True,2,3,31,True,False,9,2.0,31.0,31.0,1.0,1.0,2.5,2.5,0.0,31.0,29.0,True
88548885,True,3,14,35,True,False,3,3.0,34.0,34.0,1.0,1.0,2.0,2.0,0.0,34.0,21.0,True
88730886,True,4,8,22,True,False,6,4.0,21.0,21.0,2.0,2.0,1.5003750937734435,1.5003750937734435,0.0,21.0,14.0,True
88835179,True,1,2,30,False,True,0,1.0,29.0,29.0,1.0,1.0,3.003003003003003,3.003003003003003,0.0,29.0,28.0,True
88878361,True,4,3,17,True,False,17,4.0,7.0,16.0,3.0,2.0,1.0001875468867216,1.0001875468867216,0.0,16.0,14.0,True
88891728,True,3,4,25,True,False,6,3.0,22.0,22.0,1.0,1.0,2.0,2.0,0.0,22.0,19.0,True
89095133,True,3,2,23,False,True,0,3.0,20.0,20.0,1.0,1.0,2.0,2.0,0.0,20.0,19.0,True
89143237,True,3,3,24,True,False,13,3.0,24.0,24.0,1.0,1.0,2.0,2.0,0.0,24.0,22.0,True
89165170,True,5,2,9,True,False,1,5.0,3.0,4.0,4.0,3.0,1.0,1.0,0.0,4.0,3.0,True
89284617,True,3,3,24,True,False,0,3.0,23.0,23.0,1.0,1.0,2.0,2.0,0.0,23.0,21.0,True
89334143,True,4,3,17,True,False,13,4.0,16.0,16.0,1.0,1.0,1.0,1.0,0.0,16.0,14.0,True
89367750,True,5,9,16,True,False,7,5.0,13.0,16.0,6.0,6.0,1.0,1.0,0.0,16.0,8.0,True
89453595,True,3,6,27,True,False,0,3.0,26.0,26.0,1.0,1.0,2.0,2.0,0.0,26.0,21.0,True
89592983,True,3,18,39,False,True,3,3.0,38.0,38.0,1.0,1.0,2.0,2.0,0.0,38.0,21.0,True
89683809,True,3,3,24,True,False,9,3.0,24.0,24.0,1.0,1.0,2.0,2.0,0.0,24.0,22.0,True
89700308,True,3,3,24,True,False,6,3.0,21.0,21.0,1.0,1.0,2.0,2.0,0.0,21.0,19.0,True
89714924,True,4,3,17,True,False,5,4.0,16.0,16.0,1.0,1.0,1.0,1.0,0.0,16.0,14.0,True
89722181,True,3,8,29,True,False,0,3.0,29.0,29.0,1.0,1.0,2.0,2.0,0.0,29.0,22.0,True
89949894,True,3,3,24,True,False,0,3.0,22.0,22.0,1.0,1.0,2.0,2.0,0.0,22.0,20.0,True
90092190,True,3,19,40,False,True,10,3.0,40.0,40.0,1.0,1.0,2.0,2.0,0.0,40.0,22.0,True
90137660,True,5,10,17,True,False,6,5.0,13.0,17.0,8.0,5.0,1.0,1.0,0.0,17.0,8.0,True
90142511,True,3,2,23,False,True,8,3.0,16.0,16.0,1.0,1.0,2.0,2.0,0.0,16.0,15.0,True
90198592,True,3,3,24,True,False,8,3.0,17.0,17.0,1.0,1.0,2.0,2.0,0.0,17.0,15.0,True
90226321,True,3,4,25,True,False,7,3.0,24.0,24.0,1.0,1.0,2.0,2.0,0.0,24.0,21.0,True
90268490,True,3,22,43,True,False,3,3.0,35.0,35.0,1.0,1.0,2.0,2.0,0.0,35.0,14.0,True
90275645,True,2,3,31,True,False,0,2.0,31.0,31.0,1.0,1.0,2.5,2.5,0.0,31.0,29.0,True
90352127,True,2,2,30,False,True,0,2.0,24.0,24.0,1.0,1.0,2.5,2.5,0.0,24.0,23.0,True
90390571,True,3,3,24,False,True,15,3.0,23.0,23.0,1.0,1.0,2.0,2.0,0.0,23.0,21.0,True
90403848,True,5,12,19,True,False,7,5.0,17.0,19.0,4.0,3.0,1.0,1.0,0.0,19.0,8.0,True
90758095,True,3,5,26,False,True,14,3.0,26.0,26.0,1.0,1.0,2.0,2.0,0.0,26.0,22.0,True
90880063,True,3,2,23,True,False,0,3.0,19.0,19.0,1.0,1.0,2.0,2.0,0.0,19.0,18.0,True
90997564,True,3,3,24,True,False,12,3.0,21.0,21.0,1.0,1.0,2.0,2.0,0.0,21.0,19.0,True
91148787,True,4,5,19,True,False,8,4.0,16.0,16.0,2.0,2.0,1.5003750937734435,1.5003750937734435,0.0,16.0,12.0,True
91153989,True,3,5,26,True,False,7,3.0,25.0,25.0,1.0,1.0,2.0,2.0,0.0,25.0,21.0,True
91214143,True,3,4,25,True,False,9,3.0,20.0,20.0,1.0,1.0,2.0,2.0,0.0,20.0,17.0,True
91456579,True,3,3,24,False,True,8,3.0,24.0,24.0,1.0,1.0,2.0,2.0,0.0,24.0,22.0,True
91460140,True,3,3,24,True,False,9,3.0,22.0,22.0,1.0,1.0,2.0,2.0,0.0,22.0,20.0,True
91518992,True,2,2,30,True,False,8,2.0,28.0,28.0,1.0,1.0,2.5,2.5,0.0,28.0,27.0,True
91523808,True,4,3,17,True,False,5,4.0,14.0,14.0,1.0,1.0,1.0,1.0,0.0,14.0,12.0,True
91633982,True,5,3,10,True,False,5,5.0,3.0,10.0,4.0,3.0,1.0,1.0,0.0,10.0,8.0,True
91833791,True,4,3,17,True,False,17,4.0,3.0,17.0,3.0,2.0,1.0001875468867216,1.0001875468867216,0.0,17.0,15.0,True
91982757,True,3,4,25,True,False,1,3.0,23.0,23.0,1.0,1.0,2.0,2.0,0.0,23.0,20.0,True
92065055,True,4,20,34,True,False,23,4.0,20.0,33.0,8.0,1.0,1.0,1.0,0.0,33.0,14.0,True
92071903,True,5,3,10,True,False,3,5.0,3.0,10.0,8.0,4.0,1.0,1.0,0.0,10.0,8.0,True
92352574,True,4,1,15,True,False,0,4.0,11.0,11.0,2.0,2.0,1.5003750937734435,1.5003750937734435,0.0,11.0,11.0,True
92417394,True,4,3,17,True,False,2,4.0,17.0,17.0,1.0,1.0,1.0,1.0,0.0,17.0,15.0,True
92471125,True,5,5,12,True,False,6,5.0,5.0,12.0,8.0,7.0,1.0,1.0,0.0,12.0,8.0,True
92521157,True,2,7,35,False,True,11,2.0,33.0,33.0,1.0,1.0,2.5,2.5,0.0,33.0,27.0,True
92764143,True,4,2,16,True,False,15,4.0,13.0,13.0,2.0,2.0,1.5003750937734435,1.5003750937734435,0.0,13.0,12.0,True
92775358,True,5,2,9,True,False,0,5.0,3.0,9.0,8.0,4.0,1.0,1.0,0.0,9.0,8.0,True
92804299,True,4,11,25,True,False,8,4.0,21.0,21.0,1.0,1.0,1.0,1.0,0.0,21.0,11.0,True
92812584,True,2,18,46,True,False,15,2.0,46.0,46.0,1.0,1.0,2.5,2.5,0.0,46.0,29.0,True
92830955,True,4,4,18,True,False,9,4.0,12.0,14.0,2.0,1.0,1.5003750937734435,1.5003750937734435,0.0,14.0,11.0,True
92883991,True,4,5,19,True,False,6,4.0,19.0,19.0,2.0,2.0,1.5003750937734435,1.5003750937734435,0.0,19.0,15.0,True
93076070,True,3,3,24,True,False,7,3.0,24.0,24.0,1.0,1.0,2.0,2.0,0.0,24.0,22.0,True
93087428,True,4,7,21,True,False,7,4.0,20.0,20.0,2.0,2.0,1.5003750937734435,1.5003750937734435,0.0,20.0,14.0,True
93121434,True,4,1,15,True,False,0,4.0,15.0,15.0,1.0,1.0,1.0,1.0,0.0,15.0,15.0,True
93155186,True,3,10,31,True,False,8,3.0,20.0,20.0,1.0,1.0,2.0,2.0,0.0,20.0,11.0,True
93347427,True,3,5,26,False,True,4,3.0,26.0,26.0,1.0,1.0,2.0,2.0,0.0,26.0,22.0,True
93410999,True,2,3,31,True,False,0,2.0,30.0,30.0,1.0,1.0,2.5,2.5,0.0,30.0,28.0,True
93417103,True,2,3,31,True,False,2,2.0,29.0,29.0,1.0,1.0,2.5,2.5,0.0,29.0,27.0,True
93524977,True,5,4,11,True,False,7,5.0,5.0,11.0,6.0,5.0,1.0,1.0,0.0,11.0,8.0,True
93666596,True,4,3,17,True,False,17,4.0,6.0,17.0,2.0,2.0,1.5003750937734435,1.5003750937734435,0.0,17.0,15.0,True
93698223,True,4,4,18,True,False,17,4.0,13.0,13.0,2.0,2.0,1.5003750937734435,1.5003750937734435,0.0,13.0,10.0,True
93756859,True,5,21,28,True,False,15,5.0,21.0,25.0,5.0,5.0,1.0,1.0,0.0,25.0,5.0,True
93775756,True,3,3,24,True,False,0,3.0,22.0,22.0,1.0,1.0,2.0,2.0,0.0,22.0,20.0,True
94040332,True,3,6,27,False,True,0,3.0,26.0,26.0,1.0,1.0,2.0,2.0,0.0,26.0,21.0,True
94065300,True,4,1,15,True,False,15,4.0,11.0,11.0,2.0,2.0,1.5003750937734435,1.5003750937734435,0.0,11.0,11.0,True
94084217,True,2,2,30,False,True,0,2.0,20.0,20.0,1.0,1.0,2.0,2.0,0.0,20.0,19.0,True
94141142,True,5,20,27,True,False,18,5.0,20.0,27.0,10.0,2.0,1.0,1.25,0.24999999999999994,27.0,8.0,True
94178133,True,4,3,17,True,False,6,4.0,8.0,16.0,3.0,3.0,1.0001875468867216,1.0001875468867216,0.0,16.0,14.0,True
94222829,True,3,3,24,True,False,1,3.0,13.0,13.0,1.0,1.0,2.0,2.0,0.0,13.0,11.0,True
94297623,True,3,2,23,False,True,13,3.0,2.0,2.0,1.0,1.0,2.0,2.0,0.0,2.0,1.0,True
94426110,True,5,1,8,True,False,15,5.0,2.0,7.0,5.0,4.0,1.0,1.0,0.0,7.0,7.0,True
94436633,True,3,3,24,False,True,0,3.0,23.0,23.0,1.0,1.0,2.0,2.0,0.0,23.0,21.0,True
94603692,False,5,3,10,True,False,24,5.0,,,,,,,,,,False
94636605,True,3,20,41,True,False,12,3.0,34.0,34.0,1.0,1.0,2.0,2.0,0.0,34.0,15.0,True
94662445,True,5,3,10,True,False,7,5.0,3.0,9.0,6.0,4.0,1.125,1.125,0.0,9.0,7.0,True
94797444,True,3,4,25,True,False,0,3.0,25.0,25.0,1.0,1.0,2.0,2.0,0.0,25.0,22.0,True
94816267,True,1,3,31,False,True,15,1.0,28.0,28.0,1.0,1.0,3.003003003003003,3.003003003003003,0.0,28.0,26.0,True
94835245,True,5,3,10,True,False,8,5.0,3.0,10.0,6.0,4.0,1.125,1.125,0.0,10.0,8.0,True
94895483,True,4,6,20,True,False,10,4.0,20.0,20.0,2.0,2.0,1.5003750937734435,1.5003750937734435,0.0,20.0,15.0,True
94917673,True,4,3,17,True,False,1,4.0,16.0,16.0,2.0,2.0,1.5003750937734435,1.5003750937734435,0.0,16.0,14.0,True
94982348,True,3,5,26,True,False,5,3.0,21.0,21.0,1.0,1.0,2.0,2.0,0.0,21.0,17.0,True
95175090,True,4,3,17,True,False,7,4.0,13.0,17.0,2.0,2.0,1.5003750937734435,1.5003750937734435,0.0,17.0,15.0,True
95190490,True,4,3,17,True,False,6,4.0,13.0,13.0,3.0,3.0,1.0001875468867216,1.0001875468867216,0.0,13.0,11.0,True
95199437,True,5,5,12,True,False,0,5.0,11.0,12.0,6.0,5.0,1.0,1.0,0.0,12.0,8.0,True
95279447,True,3,14,35,False,True,13,3.0,30.0,30.0,1.0,1.0,2.0,2.0,0.0,30.0,17.0,True
95400612,True,5,3,10,True,False,9,5.0,6.0,9.0,8.0,3.0,1.0,1.0,0.0,9.0,7.0,True
95647390,True,3,2,23,True,False,0,3.0,21.0,21.0,1.0,1.0,2.0,2.0,0.0,21.0,20.0,True
95649856,True,3,19,40,True,False,5,3.0,35.0,35.0,1.0,1.0,2.0,2.0,0.0,35.0,17.0,True
95721396,True,4,2,16,True,False,5,4.0,13.0,13.0,1.0,1.0,1.0,1.0,0.0,13.0,12.0,True
95801842,True,3,1,22,True,False,15,3.0,22.0,22.0,1.0,1.0,2.0,2.0,0.0,22.0,22.0,True
95886590,True,3,2,23,True,False,15,3.0,23.0,23.0,1.0,1.0,2.0,2.0,0.0,23.0,22.0,True
95900829,True,2,3,31,False,True,2,2.0,31.0,31.0,1.0,1.0,2.5,2.5,0.0,31.0,29.0,True
96326859,True,4,5,19,True,False,16,4.0,6.0,19.0,8.0,1.0,1.0,1.0,0.0,19.0,15.0,True
96467041,True,4,3,17,True,False,10,4.0,11.0,16.0,2.0,2.0,1.5003750937734435,1.5003750937734435,0.0,16.0,14.0,True
96497996,True,5,2,9,True,False,15,5.0,3.0,7.0,5.0,5.0,1.0,1.0,0.0,7.0,6.0,True
96626645,True,3,2,23,True,False,15,3.0,19.0,19.0,1.0,1.0,2.0,2.0,0.0,19.0,18.0,True
96670406,True,5,7,14,True,False,0,5.0,12.0,14.0,4.0,3.0,1.0,1.0,0.0,14.0,8.0,True
96832037,True,4,6,20,True,False,9,4.0,18.0,18.0,2.0,2.0,1.5003750937734435,1.5003750937734435,0.0,18.0,13.0,True
96966689,True,3,6,27,True,False,7,3.0,21.0,21.0,1.0,1.0,2.0,2.0,0.0,21.0,16.0,True
97077356,True,3,5,26,False,True,7,3.0,26.0,26.0,1.0,1.0,2.0,2.0,0.0,26.0,22.0,True
97394220,True,2,3,31,False,True,0,2.0,31.0,31.0,1.0,1.0,2.5,2.5,0.0,31.0,29.0,True
97541237,True,5,3,10,True,False,1,5.0,7.0,10.0,5.0,5.0,1.0,1.0,0.0,10.0,8.0,True
97569558,True,3,12,33,True,False,0,3.0,32.0,32.0,1.0,1.0,2.0,2.0,0.0,32.0,21.0,True
97750287,True,5,3,10,True,False,7,5.0,3.0,9.0,6.0,5.0,1.125,1.125,0.0,9.0,7.0,True
97764976,True,3,3,24,True,False,5,3.0,19.0,19.0,1.0,1.0,2.0,2.0,0.0,19.0,17.0,True
97803185,True,2,3,31,False,True,0,2.0,26.0,26.0,1.0,1.0,2.5,2.5,0.0,26.0,24.0,True
97834380,True,5,7,14,True,False,3,5.0,13.0,14.0,6.0,3.0,1.0,1.0,0.0,14.0,8.0,True
97932087,True,5,6,13,True,False,15,5.0,11.0,12.0,5.0,5.0,1.0,1.0,0.0,12.0,7.0,True
98153648,True,3,3,24,True,False,7,3.0,23.0,23.0,1.0,1.0,2.0,2.0,0.0,23.0,21.0,True
98229611,True,5,2,9,True,False,8,5.0,2.0,9.0,5.0,4.0,1.0,1.0,0.0,9.0,8.0,True
98338244,True,3,6,27,False,True,0,3.0,26.0,26.0,1.0,1.0,2.0,2.0,0.0,26.0,21.0,True
98389919,True,3,3,24,True,False,0,3.0,22.0,22.0,1.0,1.0,2.0,2.0,0.0,22.0,20.0,True
98404929,True,5,4,11,True,False,13,5.0,5.0,6.0,4.0,4.0,1.0,1.0,0.0,6.0,3.0,True
98475746,True,1,4,32,False,True,15,1.0,32.0,32.0,1.0,1.0,3.003003003003003,3.003003003003003,0.0,32.0,29.0,True
98705285,False,5,3,10,True,False,27,5.0,,,,,,,,,,False
98771101,True,4,3,17,True,False,13,4.0,13.0,13.0,1.0,1.0,1.0,1.0,0.0,13.0,11.0,True
98815343,True,3,2,23,True,False,8,3.0,22.0,22.0,1.0,1.0,2.0,2.0,0.0,22.0,21.0,True
98828318,True,2,3,31,False,True,10,2.0,31.0,31.0,1.0,1.0,2.5,2.5,0.0,31.0,29.0,True
98832561,True,3,3,24,True,False,9,3.0,22.0,22.0,1.0,1.0,2.0,2.0,0.0,22.0,20.0,True
98908009,True,5,2,9,True,False,15,5.0,3.0,9.0,6.0,5.0,1.0,1.0,0.0,9.0,8.0,True
98966942,True,3,13,34,True,False,25,3.0,33.0,33.0,1.0,1.0,1.6,2.0,0.3999999999999999,33.0,21.0,True
99061701,True,3,2,23,False,True,8,3.0,23.0,23.0,1.0,1.0,2.0,2.0,0.0,23.0,22.0,True
99062635,True,4,3,17,True,False,15,4.0,15.0,15.0,1.0,1.0,1.0,1.0,0.0,15.0,13.0,True
99067980,True,5,3,10,True,False,2,5.0,3.0,9.0,8.0,6.0,1.125,1.125,0.0,9.0,7.0,True
99154748,True,3,6,27,True,False,10,3.0,26.0,26.0,1.0,1.0,2.0,2.0,0.0,26.0,21.0,True
99261454,True,5,10,17,True,False,1,5.0,14.0,17.0,5.0,5.0,1.0,1.0,0.0,17.0,8.0,True
99379271,True,4,2,16,True,False,15,4.0,14.0,14.0,2.0,2.0,1.5003750937734435,1.5003750937734435,0.0,14.0,13.0,True
99434458,True,4,3,17,True,False,17,4.0,15.0,16.0,2.0,2.0,1.5003750937734435,1.5003750937734435,0.0,16.0,14.0,True
99435436,True,4,2,16,True,False,3,4.0,2.0,2.0,1.0,1.0,1.0,1.0,0.0,2.0,1.0,True
99523059,True,5,3,10,True,False,13,5.0,3.0,10.0,6.0,3.0,1.0,1.0,0.0,10.0,8.0,True
99526979,True,4,3,17,True,False,17,4.0,14.0,14.0,2.0,2.0,1.5003750937734435,1.5003750937734435,0.0,14.0,12.0,True
99544326,True,2,20,48,True,False,15,2.0,37.0,37.0,1.0,1.0,2.5,2.5,0.0,37.0,18.0,True
99615756,True,3,2,23,False,True,0,3.0,23.0,23.0,1.0,1.0,2.0,2.0,0.0,23.0,22.0,True
99617803,True,4,3,17,True,False,5,4.0,16.0,16.0,1.0,1.0,1.0,1.0,0.0,16.0,14.0,True
99656328,True,3,5,26,True,False,0,3.0,26.0,26.0,1.0,1.0,2.0,2.0,0.0,26.0,22.0,True
99688016,True,4,19,33,True,False,5,4.0,20.0,20.0,1.0,1.0,1.0,1.0,0.0,20.0,2.0,True
99762147,True,4,8,22,True,False,5,4.0,22.0,22.0,1.0,1.0,1.0,1.0,0.0,22.0,15.0,True
