adjuster_id,cluster_id,skill_business,skill_personal,will_travel,home_city,home_state,home_lat,home_lon,claims,onsite_claims,online_claims,has_onsite
11226387,10,0,3,True,Hartford,CT,41.764582,-72.6908547,49,43,6,True
11350447,10,0,3,True,Centennial,CO,39.579155,-104.8769227,49,43,6,True
14343602,17,0,3,True,Naperville,IL,41.7728699,-88.1479278,28,25,3,True
16559402,25,0,3,True,Raleigh,NC,35.7803977,-78.6390989,6,6,0,True
10312516,11,0,2,True,Richardson,TX,32.9481789,-96.7297206,8,4,4,True
10615629,12,3,3,True,Virtual,SC,34.1718723,-82.1564776,11,8,3,True
10925596,12,3,3,True,Hartford,CT,41.764582,-72.6908547,11,8,3,True
11355772,14,3,3,True,Diamond Bar,CA,34.0286226,-117.8103367,19,12,7,True
11494435,22,3,3,True,Charlotte,NC,35.2272086,-80.8430827,4,4,0,True
14582357,22,3,3,True,Charlotte,NC,35.2272086,-80.8430827,4,4,0,True
15922412,23,3,3,True,Hartford,CT,41.764582,-72.6908547,3,3,0,True
18336561,25,3,3,True,South Portland,ME,43.6382443,-70.2529189,6,6,0,True
19528221,25,3,3,True,Glendale,AZ,33.5386858,-112.185994,6,6,0,True
21204478,28,3,3,True,Knoxville,TN,35.9603948,-83.9210261,3,3,0,True
22440928,6,3,3,True,Virtual,SC,34.1718723,-82.1564776,60,56,4,True
23354345,6,3,3,True,Centennial,CO,39.579155,-104.8769227,60,56,4,True
25458542,6,3,3,True,Buffalo,NY,42.8864163,-78.8781493,60,56,4,True
10134858,16,1,3,True,New York,NY,40.7127281,-74.0060152,2,2,0,True
10402032,0,4,4,True,Richardson,TX,32.9481789,-96.7297206,202,140,62,True
12272069,1,4,4,True,Naperville,IL,41.7728699,-88.1479278,72,65,7,True
15483039,1,4,4,True,Richardson,TX,32.9481789,-96.7297206,72,65,7,True
15688459,1,4,4,True,Melville,LA,30.6929653,-91.744004,72,65,7,True
16485520,10,4,4,True,Richardson,TX,32.9481789,-96.7297206,49,43,6,True
17897712,13,4,4,True,Richmond,VA,37.5385087,-77.43428,47,42,5,True
20682406,13,4,4,True,Chantilly,VA,38.885219,-77.4486772,47,42,5,True
25351257,15,4,4,True,Saint Paul,MN,44.9497487,-93.0931028,134,94,40,True
27096178,15,4,4,True,Bedford,TX,32.844017,-97.1430671,134,94,40,True
27328743,15,4,4,True,Buffalo,NY,42.8864163,-78.8781493,134,94,40,True
33113383,15,4,4,True,Independence,MO,39.0924792,-94.4137923,134,94,40,True
33522459,15,4,4,True,Knoxville,TN,35.9603948,-83.9210261,134,94,40,True
33914483,15,4,4,True,Naperville,IL,41.7728699,-88.1479278,134,94,40,True
34930040,17,4,4,True,Rancho Cordova,CA,38.5890723,-121.302728,28,25,3,True
35386202,19,4,4,True,Phoenix,AZ,33.4484367,-112.074141,6,6,0,True
38211857,19,4,4,True,San Antonio,TX,29.4246002,-98.4951405,6,6,0,True
38497269,2,4,4,True,Naperville,IL,41.7728699,-88.1479278,54,47,7,True
44914866,2,4,4,True,West Bridgewater,MA,42.0190922,-71.0079688,54,47,7,True
45459060,2,4,4,True,Rancho Cordova,CA,38.5890723,-121.302728,54,47,7,True
46986893,20,4,4,True,Indianapolis,IN,39.7683331,-86.1583502,2,2,0,True
49267899,3,4,4,True,Phoenix,AZ,33.4484367,-112.074141,44,38,6,True
52192658,6,4,4,True,Albuquerque,NM,35.0841034,-106.650985,60,56,4,True
61927589,6,4,4,True,Franklin,TN,35.925206,-86.8689419,60,56,4,True
72859063,7,4,4,True,Richardson,TX,32.9481789,-96.7297206,87,80,7,True
73968848,7,4,4,True,Naperville,IL,41.7728699,-88.1479278,87,80,7,True
85342366,8,4,4,True,Richardson,TX,32.9481789,-96.7297206,81,56,25,True
85598668,8,4,4,True,Hunt Valley,MD,39.4962709,-76.6542571,81,56,25,True
85893734,8,4,4,True,Centennial,CO,39.579155,-104.8769227,81,56,25,True
90406456,8,4,4,True,Albuquerque,NM,35.0841034,-106.650985,81,56,25,True
92680761,8,4,4,True,Richardson,TX,32.9481789,-96.7297206,81,56,25,True
95664184,9,4,4,True,Naperville,IL,41.7728699,-88.1479278,43,32,11,True
96399702,9,4,4,True,Richmond,VA,37.5385087,-77.43428,43,32,11,True
99474654,9,4,4,True,Richmond,VA,37.5385087,-77.43428,43,32,11,True
10541914,4,2,3,True,Overland Park,KS,38.9742502,-94.6851702,29,20,9,True
12272594,4,2,3,True,Alpharetta,GA,34.0755962,-84.2945964,29,20,9,True
18441771,21,2,2,True,Walnut Creek,CA,37.9020731,-122.0618702,1,1,0,True
11788873,0,2,4,True,Richardson,TX,32.9481789,-96.7297206,202,140,62,True
22143269,0,2,4,True,Brookfield,WI,43.0615578,-88.1260678,202,140,62,True
34174328,17,2,4,True,Alpharetta,GA,34.0755962,-84.2945964,28,25,3,True
59430808,29,2,4,True,Albany,NY,42.6511674,-73.754968,2,2,0,True
78272027,6,2,4,True,Overland Park,KS,38.9742502,-94.6851702,60,56,4,True
89117598,6,2,4,True,Syracuse,NY,43.0481221,-76.1474244,60,56,4,True
93222266,6,2,4,True,Richmond,VA,37.5385087,-77.43428,60,56,4,True
94472986,7,2,4,True,Overland Park,KS,38.9742502,-94.6851702,87,80,7,True
11091566,0,5,5,True,Windsor,CA,38.5471327,-122.8163802,202,140,62,True
17566082,0,5,5,True,Naperville,IL,41.7728699,-88.1479278,202,140,62,True
17597223,0,5,5,True,Troy,MI,42.6055893,-83.1499304,202,140,62,True
22286102,1,5,5,True,Melville,LA,30.6929653,-91.744004,72,65,7,True
24186729,1,5,5,True,Richmond,VA,37.5385087,-77.43428,72,65,7,True
26862623,1,5,5,True,Overland Park,KS,38.9742502,-94.6851702,72,65,7,True
30721082,1,5,5,True,Richardson,TX,32.9481789,-96.7297206,72,65,7,True
34336521,1,5,5,True,Omaha,NE,41.2587459,-95.9383758,72,65,7,True
36916937,1,5,5,True,New York,NY,40.7127281,-74.0060152,72,65,7,True
41627842,13,5,5,True,Hartford,CT,41.764582,-72.6908547,47,42,5,True
44538039,13,5,5,True,Hamden,OH,39.1597938,-82.5268259,47,42,5,True
48417943,13,5,5,True,Virtual,SC,34.1718723,-82.1564776,47,42,5,True
50519688,13,5,5,True,Charlotte,NC,35.2272086,-80.8430827,47,42,5,True
53820765,13,5,5,True,Buffalo,NY,42.8864163,-78.8781493,47,42,5,True
55188485,13,5,5,True,Washington,DC,38.8950982,-77.0363849,47,42,5,True
55323900,13,5,5,True,Chantilly,VA,38.885219,-77.4486772,47,42,5,True
59321509,15,5,5,True,Brookfield,WI,43.0615578,-88.1260678,134,94,40,True
63175059,15,5,5,True,Naperville,IL,41.7728699,-88.1479278,134,94,40,True
63418508,15,5,5,True,Melville,LA,30.6929653,-91.744004,134,94,40,True
68291074,15,5,5,True,Naperville,IL,41.7728699,-88.1479278,134,94,40,True
69379844,3,5,5,True,Chantilly,VA,38.885219,-77.4486772,44,38,6,True
84017238,5,5,5,True,Rochester,NY,43.157285,-77.615214,52,44,8,True
93750751,5,5,5,True,Chantilly,VA,38.885219,-77.4486772,52,44,8,True
95771836,7,5,5,True,Rochester,NY,43.157285,-77.615214,87,80,7,True
95870867,8,5,5,True,Virtual,SC,34.1718723,-82.1564776,81,56,25,True
97120688,8,5,5,True,Naperville,IL,41.7728699,-88.1479278,81,56,25,True
17621023,0,3,4,True,Alpharetta,GA,34.0755962,-84.2945964,202,140,62,True
18407947,0,3,4,True,Oklahoma City,OK,35.4729886,-97.5170536,202,140,62,True
30456597,1,3,4,True,Memphis,TN,35.1460249,-90.0517638,72,65,7,True
31104564,1,3,4,True,Alpharetta,GA,34.0755962,-84.2945964,72,65,7,True
33519700,10,3,4,True,Flowood,MS,32.3092861,-90.1386811,49,43,6,True
37113544,10,3,4,True,Overland Park,KS,38.9742502,-94.6851702,49,43,6,True
38397433,10,3,4,True,Overland Park,KS,38.9742502,-94.6851702,49,43,6,True
42270197,15,3,4,True,San Antonio,TX,29.4246002,-98.4951405,134,94,40,True
42879523,15,3,4,True,Spokane,WA,47.6571934,-117.42351,134,94,40,True
49546630,17,3,4,True,Alpharetta,GA,34.0755962,-84.2945964,28,25,3,True
54333554,17,3,4,True,Naperville,IL,41.7728699,-88.1479278,28,25,3,True
54636222,18,3,4,True,Orlando,FL,28.5421218,-81.379045,7,7,0,True
54887810,2,3,4,True,Windsor,CA,38.5471327,-122.8163802,54,47,7,True
61662948,2,3,4,True,Maryland Heights,MO,38.7150511,-90.435999,54,47,7,True
63932904,3,3,4,True,Buffalo,NY,42.8864163,-78.8781493,44,38,6,True
70275620,3,3,4,True,Hartford,CT,41.764582,-72.6908547,44,38,6,True
81396769,3,3,4,True,Maryland Heights,MO,38.7150511,-90.435999,44,38,6,True
81400507,3,3,4,True,Maryland Heights,MO,38.7150511,-90.435999,44,38,6,True
82687551,6,3,4,True,Walnut Creek,CA,37.9020731,-122.0618702,60,56,4,True
84568374,6,3,4,True,Houston,TX,29.7589382,-95.3676974,60,56,4,True
88856717,7,3,4,True,Charlotte,NC,35.2272086,-80.8430827,87,80,7,True
90334978,7,3,4,True,Franklin,TN,35.925206,-86.8689419,87,80,7,True
94671385,8,3,4,True,Birmingham,AL,33.5206824,-86.8024326,81,56,25,True
99766264,8,3,4,True,Maryland Heights,MO,38.7150511,-90.435999,81,56,25,True
66643743,5,3,5,True,Chantilly,VA,38.885219,-77.4486772,52,44,8,True
79478179,7,3,5,True,Indianapolis,IN,39.7683331,-86.1583502,87,80,7,True
23257451,10,1,4,True,Edison,GA,31.5581741,-84.7381045,49,43,6,True
39267987,18,1,4,True,Tampa,FL,27.9449854,-82.4583107,7,7,0,True
56083320,3,1,4,True,Marlton,NJ,39.9005585,-74.9338911,44,38,6,True
95561381,3,1,4,True,Boston,MA,42.3588336,-71.0578303,44,38,6,True
17932464,2,4,5,True,White Plains,NY,41.0339862,-73.7629097,54,47,7,True
26130629,2,4,5,True,Houston,TX,29.7589382,-95.3676974,54,47,7,True
45149910,7,4,5,True,Houston,TX,29.7589382,-95.3676974,87,80,7,True
70853633,8,4,5,True,Saint Paul,MN,44.9497487,-93.0931028,81,56,25,True
83212066,7,0,4,True,Virtual,SC,34.1718723,-82.1564776,87,80,7,True
87025921,24,3,2,True,Knoxville,TN,35.9603948,-83.9210261,2,2,0,True
